invoice_id,split,label_is_erroneous,label_error_categories,audit_decision,decision_comparison,requires_review,audit_violations,audit_uncertainty,label_expected_total_cents,audit_expected_total_cents,amount_comparison,amount_difference_cents,audit_record_count,label_ambiguity_sensitive
INV-H1-000001,held_aside,0,,review,review_label_correct,True,,service_match_unresolved,2475525,,audit_amount_unresolved,,1,0
INV-H1-000002,development,1,service_date_after_invoice_date,erroneous,true_positive,True,service_date,invalid_date_payability_requires_review|retention_or_payable_quantity_requires_review,2588836,,audit_amount_unresolved,,1,0
INV-H1-000003,development,0,,review,review_label_correct,True,,service_match_unresolved,5777580,,audit_amount_unresolved,,1,0
INV-H1-000004,development,1,unit_price_mismatch|volume_discount_incorrectly_applied,erroneous,true_positive,False,invoice_amount|line_amount|unit_price,,924200,924200,exact,0,1,0
INV-H1-000005,development,0,,correct,true_negative,False,,,573375,573375,exact,0,1,0
INV-H1-000006,development,0,,correct,true_negative,False,,,1746150,1746150,exact,0,1,0
INV-H1-000007,development,0,,correct,true_negative,False,,,2958400,2958400,exact,0,1,0
INV-H1-000008,held_aside,0,,correct,true_negative,False,,,798790,798790,exact,0,1,0
INV-H1-000009,development,0,,correct,true_negative,False,,,2637550,2637550,exact,0,1,0
INV-H1-000010,development,0,,correct,true_negative,False,,,2276950,2276950,exact,0,1,0
INV-H1-000011,development,0,,correct,true_negative,False,,,2533435,2533435,exact,0,1,0
INV-H1-000012,development,0,,review,review_label_correct,True,,service_match_unresolved,901100,,audit_amount_unresolved,,1,0
INV-H1-000013,development,0,,review,review_label_correct,True,,service_match_unresolved,5857340,,audit_amount_unresolved,,1,0
INV-H1-000014,held_aside,0,,correct,true_negative,False,,,1635750,1635750,exact,0,1,0
INV-H1-000015,held_aside,1,daily_cap_exceeded,erroneous,true_positive,False,daily_cap|invoice_amount|line_amount,,1195825,1210600,mismatch,14775,1,0
INV-H1-000016,development,0,,correct,true_negative,False,,,1468550,1468550,exact,0,1,0
INV-H1-000017,held_aside,0,,correct,true_negative,False,,,2482025,2482025,exact,0,1,0
INV-H1-000018,development,0,,correct,true_negative,False,,,3884375,3884375,exact,0,1,0
INV-H1-000019,development,0,,correct,true_negative,False,,,4591275,4591275,exact,0,1,0
INV-H1-000020,development,0,,correct,true_negative,False,,,3303760,3303760,exact,0,1,0
INV-H1-000021,development,0,,review,review_label_correct,True,,service_match_unresolved,3327025,,audit_amount_unresolved,,1,0
INV-H1-000022,held_aside,0,,correct,true_negative,False,,,1347525,1347525,exact,0,1,0
INV-H1-000023,development,0,,correct,true_negative,False,,,2197875,2197875,exact,0,1,0
INV-H1-000024,held_aside,0,,correct,true_negative,False,,,1939625,1939625,exact,0,1,0
INV-H1-000025,held_aside,0,,review,review_label_correct,True,,service_match_unresolved,2658350,,audit_amount_unresolved,,1,0
INV-H1-000026,development,0,,correct,true_negative,False,,,1030950,1030950,exact,0,1,0
INV-H1-000027,development,0,,correct,true_negative,False,,,1326550,1326550,exact,0,1,0
INV-H1-000028,held_aside,0,,correct,true_negative,False,,,3658525,3658525,exact,0,1,0
INV-H1-000029,development,0,,correct,true_negative,False,,,2568375,2568375,exact,0,1,0
INV-H1-000030,development,0,,correct,true_negative,False,,,651525,651525,exact,0,1,0
INV-H1-000031,development,0,,review,review_label_correct,True,,service_match_unresolved,4818309,,audit_amount_unresolved,,1,0
INV-H1-000032,held_aside,0,,review,review_label_correct,True,,service_match_unresolved,5775993,,audit_amount_unresolved,,1,0
INV-H1-000033,development,0,,review,review_label_correct,True,,service_match_unresolved,4719600,,audit_amount_unresolved,,1,0
INV-H1-000034,development,0,,correct,true_negative,False,,,3784280,3784280,exact,0,1,0
INV-H1-000035,held_aside,0,,correct,true_negative,False,,,2663790,2663790,exact,0,1,0
INV-H1-000036,development,1,malformed_service_date|unknown_service,erroneous,true_positive,True,service_date,delivered_quantity_or_duplicate_identity_uncertain|exclusion_presence_uncertain|invalid_date_payability_requires_review|retention_or_payable_quantity_requires_review|service_match_unresolved|volume_discount_uncertain,2836375,,audit_amount_unresolved,,1,0
INV-H1-000037,development,0,,review,review_label_correct,True,,volume_discount_uncertain,2519775,,audit_amount_unresolved,,1,0
INV-H1-000038,held_aside,0,,review,review_label_correct,True,,volume_discount_uncertain,5555200,,audit_amount_unresolved,,1,0
INV-H1-000039,held_aside,0,,review,review_label_correct,True,,service_match_unresolved,1526450,,audit_amount_unresolved,,1,0
INV-H1-000040,development,0,,correct,true_negative,False,,,2436525,2436525,exact,0,1,0
INV-H1-000041,held_aside,0,,review,review_label_correct,True,,volume_discount_uncertain,1860775,,audit_amount_unresolved,,1,0
INV-H1-000042,development,0,,review,review_label_correct,True,,volume_discount_uncertain,5287775,,audit_amount_unresolved,,1,0
INV-H1-000043,development,0,,review,review_label_correct,True,,exclusion_presence_uncertain|retention_or_payable_quantity_requires_review|volume_discount_uncertain,3035675,,audit_amount_unresolved,,1,0
INV-H1-000044,development,0,,review,review_label_correct,True,,volume_discount_uncertain,2903025,,audit_amount_unresolved,,1,0
INV-H1-000045,held_aside,0,,review,review_label_correct,True,,exclusion_presence_uncertain|retention_or_payable_quantity_requires_review|volume_discount_uncertain,3413000,,audit_amount_unresolved,,1,0
INV-H1-000046,development,0,,review,review_label_correct,True,,volume_discount_uncertain,2468085,,audit_amount_unresolved,,1,0
INV-H1-000047,development,0,,correct,true_negative,False,,,716400,716400,exact,0,1,0
INV-H1-000048,held_aside,0,,review,review_label_correct,True,,service_match_unresolved,1133650,,audit_amount_unresolved,,1,0
INV-H1-000049,development,1,daily_cap_exceeded|premium_incorrectly_applied,erroneous,true_positive,True,daily_cap|line_amount|unit_price,service_match_unresolved|volume_discount_uncertain,2706610,,audit_amount_unresolved,,1,0
INV-H1-000050,development,0,,review,review_label_correct,True,,volume_discount_uncertain,3415025,,audit_amount_unresolved,,1,0
INV-H1-000051,development,0,,correct,true_negative,False,,,1504500,1504500,exact,0,1,0
INV-H1-000052,development,0,,review,review_label_correct,True,,volume_discount_uncertain,5011000,,audit_amount_unresolved,,1,0
INV-H1-000053,held_aside,0,,review,review_label_correct,True,,volume_discount_uncertain,4593070,,audit_amount_unresolved,,1,0
INV-H1-000054,development,0,,correct,true_negative,False,,,735320,735320,exact,0,1,0
INV-H1-000055,development,0,,correct,true_negative,False,,,2246625,2246625,exact,0,1,0
INV-H1-000056,held_aside,0,,correct,true_negative,False,,,4406950,4406950,exact,0,1,0
INV-H1-000057,development,0,,review,review_label_correct,True,,exclusion_presence_uncertain|retention_or_payable_quantity_requires_review|volume_discount_uncertain,5416708,,audit_amount_unresolved,,1,0
INV-H1-000058,development,0,,review,review_label_correct,True,,volume_discount_uncertain,6086853,,audit_amount_unresolved,,1,0
INV-H1-000059,development,0,,correct,true_negative,False,,,2717295,2717295,exact,0,1,0
INV-H1-000060,held_aside,0,,review,review_label_correct,True,,exclusion_presence_uncertain|retention_or_payable_quantity_requires_review|volume_discount_uncertain,4774375,,audit_amount_unresolved,,1,0
INV-H1-000061,development,0,,review,review_label_correct,True,,service_match_unresolved|volume_discount_uncertain,3528885,,audit_amount_unresolved,,1,0
INV-H1-000062,held_aside,0,,review,review_label_correct,True,,volume_discount_uncertain,2191605,,audit_amount_unresolved,,1,0
INV-H1-000063,held_aside,0,,review,review_label_correct,True,,exclusion_presence_uncertain|retention_or_payable_quantity_requires_review|service_match_unresolved|volume_discount_uncertain,4216210,,audit_amount_unresolved,,1,0
INV-H1-000064,held_aside,0,,review,review_label_correct,True,,volume_discount_uncertain,2719375,,audit_amount_unresolved,,1,0
INV-H1-000065,development,0,,review,review_label_correct,True,,volume_discount_uncertain,4163140,,audit_amount_unresolved,,1,0
INV-H1-000066,held_aside,0,,review,review_label_correct,True,,volume_discount_uncertain,2090085,,audit_amount_unresolved,,1,0
INV-H1-000067,development,0,,review,review_label_correct,True,,delivered_quantity_or_duplicate_identity_uncertain|exclusion_presence_uncertain|retention_or_payable_quantity_requires_review|volume_discount_uncertain,3920858,,audit_amount_unresolved,,1,0
INV-H1-000068,development,1,duplicate_invoice_id,erroneous,true_positive,True,invoice_arithmetic|invoice_identifier|record_join|service_date,delivered_quantity_or_duplicate_identity_uncertain|exclusion_presence_uncertain|invalid_date_payability_requires_review|invoice_identifier_join_ambiguous|missing_or_ambiguous_invoice_join|missing_patient_context|premium_eligibility_uncertain|retention_or_payable_quantity_requires_review|service_match_unresolved|volume_discount_uncertain,2182165,,audit_amount_unresolved,,2,0
INV-H1-000069,development,1,invoice_total_mismatch|line_total_arithmetic|malformed_service_date,erroneous,true_positive,True,invoice_arithmetic|line_amount|line_arithmetic|service_date,delivered_quantity_or_duplicate_identity_uncertain|invalid_date_payability_requires_review|retention_or_payable_quantity_requires_review|volume_discount_uncertain,1703845,,audit_amount_unresolved,,1,0
INV-H1-000070,development,0,,review,review_label_correct,True,,exclusion_presence_uncertain|retention_or_payable_quantity_requires_review|volume_discount_uncertain,3435390,,audit_amount_unresolved,,1,0
INV-H1-000071,development,0,,review,review_label_correct,True,,service_match_unresolved|volume_discount_uncertain,4095286,,audit_amount_unresolved,,1,0
INV-H1-000072,development,1,service_date_after_invoice_date|unit_price_mismatch,erroneous,true_positive,True,line_amount|service_date|unit_price,invalid_date_payability_requires_review|retention_or_payable_quantity_requires_review,978225,,audit_amount_unresolved,,1,0
INV-H1-000073,development,0,,review,review_label_correct,True,,volume_discount_uncertain,998330,,audit_amount_unresolved,,1,0
INV-H1-000074,development,0,,review,review_label_correct,True,,service_match_unresolved,2893525,,audit_amount_unresolved,,1,0
INV-H1-000075,held_aside,0,,review,review_label_correct,True,,exclusion_presence_uncertain|retention_or_payable_quantity_requires_review|service_match_unresolved,6543958,,audit_amount_unresolved,,1,0
INV-H1-000076,held_aside,0,,review,review_label_correct,True,,exclusion_presence_uncertain|retention_or_payable_quantity_requires_review|volume_discount_uncertain,5202589,,audit_amount_unresolved,,1,0
INV-H1-000077,development,0,,review,review_label_correct,True,,service_match_unresolved|volume_discount_uncertain,2125563,,audit_amount_unresolved,,1,0
INV-H1-000078,development,0,,review,review_label_correct,True,,exclusion_presence_uncertain|retention_or_payable_quantity_requires_review|service_match_unresolved,4555925,,audit_amount_unresolved,,1,0
INV-H1-000079,held_aside,0,,review,review_label_correct,True,,volume_discount_uncertain,917295,,audit_amount_unresolved,,1,0
INV-H1-000080,development,0,,correct,true_negative,False,,,1774490,1774490,exact,0,1,0
INV-H1-000081,development,0,,review,review_label_correct,True,,volume_discount_uncertain,2222295,,audit_amount_unresolved,,1,0
INV-H1-000082,development,0,,review,review_label_correct,True,,volume_discount_uncertain,3250327,,audit_amount_unresolved,,1,0
INV-H1-000083,held_aside,0,,correct,true_negative,False,,,1732620,1732620,exact,0,1,0
INV-H1-000084,held_aside,0,,review,review_label_correct,True,,exclusion_presence_uncertain|retention_or_payable_quantity_requires_review|volume_discount_uncertain,1691000,,audit_amount_unresolved,,1,0
INV-H1-000085,development,0,,review,review_label_correct,True,,exclusion_presence_uncertain|retention_or_payable_quantity_requires_review|volume_discount_uncertain,2377573,,audit_amount_unresolved,,1,0
INV-H1-000086,development,0,,review,review_label_correct,True,,exclusion_presence_uncertain|retention_or_payable_quantity_requires_review|volume_discount_uncertain,2623517,,audit_amount_unresolved,,1,0
INV-H1-000087,development,0,,review,review_label_correct,True,,exclusion_presence_uncertain|retention_or_payable_quantity_requires_review,3649802,,audit_amount_unresolved,,1,0
INV-H1-000088,held_aside,0,,review,review_label_correct,True,,service_match_unresolved|volume_discount_uncertain,2198135,,audit_amount_unresolved,,1,0
INV-H1-000089,development,0,,review,review_label_correct,True,,volume_discount_uncertain,5768078,,audit_amount_unresolved,,1,0
INV-H1-000090,development,0,,correct,true_negative,False,,,5789172,5789172,exact,0,1,0
INV-H1-000091,development,0,,review,review_label_correct,True,,volume_discount_uncertain,4143318,,audit_amount_unresolved,,1,0
INV-H1-000092,held_aside,0,,review,review_label_correct,True,,volume_discount_uncertain,4326055,,audit_amount_unresolved,,1,0
INV-H1-000093,development,0,,review,review_label_correct,True,,volume_discount_uncertain,1480030,,audit_amount_unresolved,,1,0
INV-H1-000094,development,0,,review,review_label_correct,True,,volume_discount_uncertain,6420201,,audit_amount_unresolved,,1,0
INV-H1-000095,development,0,,review,review_label_correct,True,,volume_discount_uncertain,3862246,,audit_amount_unresolved,,1,0
INV-H1-000096,development,0,,review,review_label_correct,True,,volume_discount_uncertain,3535769,,audit_amount_unresolved,,1,0
INV-H1-000097,development,0,,review,review_label_correct,True,,volume_discount_uncertain,1908619,,audit_amount_unresolved,,1,0
INV-H1-000098,development,0,,correct,true_negative,False,,,1485218,1485218,exact,0,1,0
INV-H1-000099,held_aside,0,,review,review_label_correct,True,,volume_discount_uncertain,2059682,,audit_amount_unresolved,,1,0
INV-H1-000100,development,0,,review,review_label_correct,True,,volume_discount_uncertain,2752722,,audit_amount_unresolved,,1,0
INV-H1-000101,held_aside,0,,correct,true_negative,False,,,1653025,1653025,exact,0,1,0
INV-H1-000102,held_aside,1,unit_price_mismatch|volume_discount_incorrectly_applied,erroneous,true_positive,True,unit_price,exclusion_presence_uncertain|retention_or_payable_quantity_requires_review|volume_discount_uncertain,2663314,,audit_amount_unresolved,,1,0
INV-H1-000103,held_aside,0,,review,review_label_correct,True,,volume_discount_uncertain,1299446,,audit_amount_unresolved,,1,0
INV-H1-000104,development,0,,review,review_label_correct,True,,exclusion_presence_uncertain|retention_or_payable_quantity_requires_review|volume_discount_uncertain,4209755,,audit_amount_unresolved,,1,0
INV-H1-000105,development,0,,review,review_label_correct,True,,service_match_unresolved,803700,,audit_amount_unresolved,,1,0
INV-H1-000106,development,0,,review,review_label_correct,True,,service_match_unresolved|volume_discount_uncertain,4038195,,audit_amount_unresolved,,1,0
INV-H1-000107,development,0,,review,review_label_correct,True,,service_match_unresolved,2969100,,audit_amount_unresolved,,1,0
INV-H1-000108,development,0,,review,review_label_correct,True,,service_match_unresolved,1088200,,audit_amount_unresolved,,1,0
INV-H1-000109,development,0,,review,review_label_correct,True,,service_match_unresolved|volume_discount_uncertain,4890475,,audit_amount_unresolved,,1,0
INV-H1-000110,held_aside,0,,review,review_label_correct,True,,service_match_unresolved|volume_discount_uncertain,4316920,,audit_amount_unresolved,,1,0
INV-H1-000111,development,0,,correct,true_negative,False,,,3071279,3071279,exact,0,1,0
INV-H1-000112,development,0,,review,review_label_correct,True,,volume_discount_uncertain,1462370,,audit_amount_unresolved,,1,0
INV-H1-000113,held_aside,0,,correct,true_negative,False,,,2172980,2172980,exact,0,1,0
INV-H1-000114,development,0,,review,review_label_correct,True,,volume_discount_uncertain,1878330,,audit_amount_unresolved,,1,0
INV-H1-000115,development,0,,review,review_label_correct,True,,exclusion_presence_uncertain|retention_or_payable_quantity_requires_review|volume_discount_uncertain,3220280,,audit_amount_unresolved,,1,0
INV-H1-000116,development,0,,review,review_label_correct,True,,delivered_quantity_or_duplicate_identity_uncertain|premium_eligibility_uncertain|retention_or_payable_quantity_requires_review|service_match_unresolved|volume_discount_uncertain,2979088,,audit_amount_unresolved,,1,0
INV-H1-000117,development,0,,review,review_label_correct,True,,volume_discount_uncertain,1754196,,audit_amount_unresolved,,1,0
INV-H1-000118,development,0,,correct,true_negative,False,,,2313500,2313500,exact,0,1,0
INV-H1-000119,development,0,,review,review_label_correct,True,,service_match_unresolved,4726611,,audit_amount_unresolved,,1,0
INV-H1-000120,held_aside,0,,correct,true_negative,False,,,1120950,1120950,exact,0,1,0
INV-H1-000121,development,0,,review,review_label_correct,True,,volume_discount_uncertain,3190886,,audit_amount_unresolved,,1,0
INV-H1-000122,held_aside,0,,correct,true_negative,False,,,1717175,1717175,exact,0,1,0
INV-H1-000123,development,0,,review,review_label_correct,True,,exclusion_presence_uncertain|retention_or_payable_quantity_requires_review|service_match_unresolved|volume_discount_uncertain,6219545,,audit_amount_unresolved,,1,0
INV-H1-000124,held_aside,0,,review,review_label_correct,True,,volume_discount_uncertain,3563879,,audit_amount_unresolved,,1,0
INV-H1-000125,development,0,,review,review_label_correct,True,,volume_discount_uncertain,3707573,,audit_amount_unresolved,,1,0
INV-H1-000126,development,0,,correct,true_negative,False,,,2743654,2743654,exact,0,1,0
INV-H1-000127,development,0,,review,review_label_correct,True,,volume_discount_uncertain,3450277,,audit_amount_unresolved,,1,0
INV-H1-000128,held_aside,0,,review,review_label_correct,True,,volume_discount_uncertain,3552483,,audit_amount_unresolved,,1,0
INV-H1-000129,development,0,,correct,true_negative,False,,,1630054,1630054,exact,0,1,0
INV-H1-000130,development,0,,correct,true_negative,False,,,5103553,5103553,exact,0,1,0
INV-H1-000131,development,0,,review,review_label_correct,True,,service_match_unresolved,952625,,audit_amount_unresolved,,1,0
INV-H1-000132,development,1,bundle_not_applied|unknown_service,erroneous,true_positive,True,unit_price,delivered_quantity_or_duplicate_identity_uncertain|exclusion_presence_uncertain|premium_eligibility_uncertain|retention_or_payable_quantity_requires_review|service_match_unresolved|volume_discount_uncertain,2454583,,audit_amount_unresolved,,1,0
INV-H1-000133,development,0,,review,review_label_correct,True,,exclusion_presence_uncertain|retention_or_payable_quantity_requires_review,1524655,,audit_amount_unresolved,,1,0
INV-H1-000134,development,0,,review,review_label_correct,True,,volume_discount_uncertain,4346902,,audit_amount_unresolved,,1,0
INV-H1-000135,held_aside,0,,review,review_label_correct,True,,service_match_unresolved,2124065,,audit_amount_unresolved,,1,0
INV-H1-000136,development,0,,correct,true_negative,False,,,2295200,2295200,exact,0,1,0
INV-H1-000137,held_aside,0,,review,review_label_correct,True,,exclusion_presence_uncertain|retention_or_payable_quantity_requires_review|volume_discount_uncertain,5091453,,audit_amount_unresolved,,1,0
INV-H1-000138,held_aside,0,,review,review_label_correct,True,,exclusion_presence_uncertain|retention_or_payable_quantity_requires_review|volume_discount_uncertain,3902623,,audit_amount_unresolved,,1,0
INV-H1-000139,held_aside,0,,review,review_label_correct,True,,exclusion_presence_uncertain|retention_or_payable_quantity_requires_review|volume_discount_uncertain,2570288,,audit_amount_unresolved,,1,0
INV-H1-000140,development,0,,review,review_label_correct,True,,volume_discount_uncertain,1375954,,audit_amount_unresolved,,1,0
INV-H1-000141,development,0,,review,review_label_correct,True,,volume_discount_uncertain,2651411,,audit_amount_unresolved,,1,0
INV-H1-000142,development,0,,review,review_label_correct,True,,volume_discount_uncertain,2105775,,audit_amount_unresolved,,1,0
INV-H1-000143,development,0,,review,review_label_correct,True,,volume_discount_uncertain,3916797,,audit_amount_unresolved,,1,0
INV-H1-000144,held_aside,0,,review,review_label_correct,True,,service_match_unresolved|volume_discount_uncertain,5591925,,audit_amount_unresolved,,1,0
INV-H1-000145,held_aside,0,,review,review_label_correct,True,,volume_discount_uncertain,3707925,,audit_amount_unresolved,,1,0
INV-H1-000146,development,0,,review,review_label_correct,True,,volume_discount_uncertain,2709500,,audit_amount_unresolved,,1,0
INV-H1-000147,development,0,,review,review_label_correct,True,,volume_discount_uncertain,2235997,,audit_amount_unresolved,,1,0
INV-H1-000148,held_aside,1,service_date_out_of_window,erroneous,true_positive,True,service_date,delivered_quantity_or_duplicate_identity_uncertain|invalid_date_payability_requires_review|retention_or_payable_quantity_requires_review|volume_discount_uncertain,1322429,,audit_amount_unresolved,,1,0
INV-H1-000149,held_aside,0,,review,review_label_correct,True,,delivered_quantity_or_duplicate_identity_uncertain|retention_or_payable_quantity_requires_review|volume_discount_uncertain,1367397,,audit_amount_unresolved,,1,0
INV-H1-000150,development,0,,review,review_label_correct,True,,volume_discount_uncertain,4188767,,audit_amount_unresolved,,1,0
INV-H1-000151,development,1,unit_price_mismatch,erroneous,true_positive,True,line_amount|unit_price,volume_discount_uncertain,2141048,,audit_amount_unresolved,,1,0
INV-H1-000152,development,1,contract_number_mismatch|duplicate_invoice_id,erroneous,true_positive,True,contract_number|invoice_arithmetic|invoice_identifier|record_join|service_date,delivered_quantity_or_duplicate_identity_uncertain|exclusion_presence_uncertain|invalid_date_payability_requires_review|invoice_identifier_join_ambiguous|missing_or_ambiguous_invoice_join|missing_patient_context|premium_eligibility_uncertain|retention_or_payable_quantity_requires_review|service_match_unresolved|volume_discount_uncertain,1322245,,audit_amount_unresolved,,2,0
INV-H1-000153,development,0,,review,review_label_correct,True,,delivered_quantity_or_duplicate_identity_uncertain|retention_or_payable_quantity_requires_review|volume_discount_uncertain,4539542,,audit_amount_unresolved,,1,0
INV-H1-000154,held_aside,0,,review,review_label_correct,True,,delivered_quantity_or_duplicate_identity_uncertain|retention_or_payable_quantity_requires_review,2210575,,audit_amount_unresolved,,1,0
INV-H1-000156,development,0,,review,review_label_correct,True,,volume_discount_uncertain,3777759,,audit_amount_unresolved,,1,0
INV-H1-000157,development,0,,correct,true_negative,False,,,2645175,2645175,exact,0,1,0
INV-H1-000158,development,0,,review,review_label_correct,True,,delivered_quantity_or_duplicate_identity_uncertain|retention_or_payable_quantity_requires_review|volume_discount_uncertain,3821275,,audit_amount_unresolved,,1,0
INV-H1-000159,development,0,,review,review_label_correct,True,,service_match_unresolved|volume_discount_uncertain,2987202,,audit_amount_unresolved,,1,0
INV-H1-000160,held_aside,0,,review,review_label_correct,True,,delivered_quantity_or_duplicate_identity_uncertain|exclusion_presence_uncertain|retention_or_payable_quantity_requires_review|volume_discount_uncertain,3094372,,audit_amount_unresolved,,1,0
INV-H1-000161,development,0,,review,review_label_correct,True,,service_match_unresolved|volume_discount_uncertain,4172207,,audit_amount_unresolved,,1,0
INV-H1-000162,development,0,,review,review_label_correct,True,,volume_discount_uncertain,3728407,,audit_amount_unresolved,,1,0
INV-H1-000163,held_aside,0,,review,review_label_correct,True,,volume_discount_uncertain,1275816,,audit_amount_unresolved,,1,0
INV-H1-000164,development,0,,correct,true_negative,False,,,4678900,4678900,exact,0,1,0
INV-H1-000165,development,0,,review,review_label_correct,True,,exclusion_presence_uncertain|retention_or_payable_quantity_requires_review|volume_discount_uncertain,2989711,,audit_amount_unresolved,,1,0
INV-H1-000166,development,0,,correct,true_negative,False,,,2630702,2630702,exact,0,1,0
INV-H1-000167,development,0,,review,review_label_correct,True,,exclusion_presence_uncertain|retention_or_payable_quantity_requires_review|service_match_unresolved|volume_discount_uncertain,4403102,,audit_amount_unresolved,,1,0
INV-H1-000168,development,0,,correct,true_negative,False,,,1048375,1048375,exact,0,1,0
INV-H1-000169,development,0,,review,review_label_correct,True,,service_match_unresolved,3072015,,audit_amount_unresolved,,1,0
INV-H1-000170,development,0,,review,review_label_correct,True,,volume_discount_uncertain,3948137,,audit_amount_unresolved,,1,0
INV-H1-000171,development,0,,review,review_label_correct,True,,volume_discount_uncertain,1489231,,audit_amount_unresolved,,1,0
INV-H1-000172,development,0,,review,review_label_correct,True,,service_match_unresolved|volume_discount_uncertain,4389721,,audit_amount_unresolved,,1,0
INV-H1-000173,held_aside,0,,review,review_label_correct,True,,volume_discount_uncertain,2077822,,audit_amount_unresolved,,1,0
INV-H1-000174,development,0,,review,review_label_correct,True,,volume_discount_uncertain,2182558,,audit_amount_unresolved,,1,0
INV-H1-000175,held_aside,0,,review,review_label_correct,True,,volume_discount_uncertain,3583250,,audit_amount_unresolved,,1,0
INV-H1-000176,development,0,,review,review_label_correct,True,,service_match_unresolved,878150,,audit_amount_unresolved,,1,0
INV-H1-000177,development,0,,review,review_label_correct,True,,service_match_unresolved,3040275,,audit_amount_unresolved,,1,0
INV-H1-000178,development,0,,review,review_label_correct,True,,service_match_unresolved|volume_discount_uncertain,1634893,,audit_amount_unresolved,,1,0
INV-H1-000179,development,1,service_date_out_of_window|unknown_service,erroneous,true_positive,True,service_date,delivered_quantity_or_duplicate_identity_uncertain|invalid_date_payability_requires_review|retention_or_payable_quantity_requires_review|service_match_unresolved,2029698,,audit_amount_unresolved,,1,0
INV-H1-000180,development,0,,review,review_label_correct,True,,service_match_unresolved|volume_discount_uncertain,2668790,,audit_amount_unresolved,,1,0
INV-H1-000181,development,0,,review,review_label_correct,True,,exclusion_presence_uncertain|retention_or_payable_quantity_requires_review|service_match_unresolved|volume_discount_uncertain,3427391,,audit_amount_unresolved,,1,0
INV-H1-000182,development,0,,review,review_label_correct,True,,service_match_unresolved|volume_discount_uncertain,3604488,,audit_amount_unresolved,,1,0
INV-H1-000183,development,0,,review,review_label_correct,True,,exclusion_presence_uncertain|retention_or_payable_quantity_requires_review,2300536,,audit_amount_unresolved,,1,0
INV-H1-000184,development,0,,review,review_label_correct,True,,volume_discount_uncertain,1557865,,audit_amount_unresolved,,1,0
INV-H1-000185,development,0,,correct,true_negative,False,,,1699725,1699725,exact,0,1,0
INV-H1-000186,development,1,line_total_arithmetic|volume_discount_incorrectly_applied,erroneous,true_positive,True,line_amount|line_arithmetic,volume_discount_uncertain,1959233,,audit_amount_unresolved,,1,0
INV-H1-000187,development,0,,review,review_label_correct,True,,service_match_unresolved,4412373,,audit_amount_unresolved,,1,0
INV-H1-000188,development,0,,review,review_label_correct,True,,volume_discount_uncertain,4634848,,audit_amount_unresolved,,1,0
INV-H1-000190,development,0,,review,review_label_correct,True,,delivered_quantity_or_duplicate_identity_uncertain|retention_or_payable_quantity_requires_review,1525575,,audit_amount_unresolved,,1,0
INV-H1-000191,held_aside,0,,review,review_label_correct,True,,delivered_quantity_or_duplicate_identity_uncertain|retention_or_payable_quantity_requires_review,1850955,,audit_amount_unresolved,,1,0
INV-H1-000192,development,0,,review,review_label_correct,True,,volume_discount_uncertain,2836106,,audit_amount_unresolved,,1,0
INV-H1-000193,development,0,,correct,true_negative,False,,,1199225,1199225,exact,0,1,0
INV-H1-000194,development,0,,review,review_label_correct,True,,volume_discount_uncertain,3257237,,audit_amount_unresolved,,1,0
INV-H1-000195,held_aside,0,,correct,true_negative,False,,,1936050,1936050,exact,0,1,0
INV-H1-000196,development,0,,review,review_label_correct,True,,delivered_quantity_or_duplicate_identity_uncertain|premium_eligibility_uncertain|retention_or_payable_quantity_requires_review|service_match_unresolved|volume_discount_uncertain,4653710,,audit_amount_unresolved,,1,0
INV-H1-000197,held_aside,0,,review,review_label_correct,True,,volume_discount_uncertain,4641876,,audit_amount_unresolved,,1,0
INV-H1-000198,development,0,,review,review_label_correct,True,,volume_discount_uncertain,1574800,,audit_amount_unresolved,,1,0
INV-H1-000199,development,0,,review,review_label_correct,True,,volume_discount_uncertain,3109476,,audit_amount_unresolved,,1,0
INV-H1-000200,development,0,,correct,true_negative,False,,,391940,391940,exact,0,1,0
INV-H1-000201,held_aside,1,bundle_not_applied|contract_number_mismatch,erroneous,true_positive,False,contract_number|invoice_amount|line_amount|unit_price,,2958995,2958995,exact,0,1,0
INV-H1-000202,development,0,,review,review_label_correct,True,,volume_discount_uncertain,1151081,,audit_amount_unresolved,,1,0
INV-H1-000203,development,0,,review,review_label_correct,True,,service_match_unresolved,1769315,,audit_amount_unresolved,,1,0
INV-H1-000204,development,0,,review,review_label_correct,True,,volume_discount_uncertain,5363858,,audit_amount_unresolved,,1,0
INV-H1-000205,development,0,,correct,true_negative,False,,,2828080,2828080,exact,0,1,0
INV-H1-000206,development,0,,correct,true_negative,False,,,3922525,3922525,exact,0,1,0
INV-H1-000207,development,0,,review,review_label_correct,True,,volume_discount_uncertain,4418544,,audit_amount_unresolved,,1,0
INV-H1-000208,held_aside,0,,review,review_label_correct,True,,volume_discount_uncertain,4283675,,audit_amount_unresolved,,1,0
INV-H1-000209,development,0,,correct,true_negative,False,,,2770297,2770297,exact,0,1,0
INV-H1-000210,development,0,,review,review_label_correct,True,,volume_discount_uncertain,2813386,,audit_amount_unresolved,,1,0
INV-H1-000211,held_aside,1,exclusion_window_violation|wrong_unit_basis,erroneous,true_positive,True,exclusion_window|line_amount|unit_basis,contract_quantity_unknown_due_to_unit_mismatch|delivered_quantity_or_duplicate_identity_uncertain|retention_or_payable_quantity_requires_review,1471325,,audit_amount_unresolved,,1,0
INV-H1-000212,development,0,,correct,true_negative,False,,,3871775,3871775,exact,0,1,0
INV-H1-000213,held_aside,0,,correct,true_negative,False,,,2113488,2113488,exact,0,1,0
INV-H1-000214,held_aside,0,,review,review_label_correct,True,,volume_discount_uncertain,1083650,,audit_amount_unresolved,,1,0
INV-H1-000215,development,0,,review,review_label_correct,True,,volume_discount_uncertain,5373340,,audit_amount_unresolved,,1,0
INV-H1-000216,development,0,,review,review_label_correct,True,,volume_discount_uncertain,848096,,audit_amount_unresolved,,1,0
INV-H1-000217,development,0,,review,review_label_correct,True,,volume_discount_uncertain,1552154,,audit_amount_unresolved,,1,0
INV-H1-000218,development,0,,review,review_label_correct,True,,volume_discount_uncertain,4270306,,audit_amount_unresolved,,1,0
INV-H1-000219,held_aside,1,malformed_service_date|unknown_service|volume_discount_incorrectly_applied,erroneous,true_positive,True,service_date,delivered_quantity_or_duplicate_identity_uncertain|invalid_date_payability_requires_review|retention_or_payable_quantity_requires_review|service_match_unresolved|volume_discount_uncertain,2761823,,audit_amount_unresolved,,1,0
INV-H1-000220,development,0,,review,review_label_correct,True,,service_match_unresolved|volume_discount_uncertain,3949434,,audit_amount_unresolved,,1,0
INV-H1-000221,held_aside,0,,correct,true_negative,False,,,3481583,3481583,exact,0,1,0
INV-H1-000222,held_aside,0,,correct,true_negative,False,,,1394560,1394560,exact,0,1,0
INV-H1-000223,held_aside,0,,correct,true_negative,False,,,2992640,2992640,exact,0,1,0
INV-H1-000224,held_aside,0,,review,review_label_correct,True,,volume_discount_uncertain,2144177,,audit_amount_unresolved,,1,0
INV-H1-000225,held_aside,0,,review,review_label_correct,True,,volume_discount_uncertain,1912774,,audit_amount_unresolved,,1,0
INV-H1-000226,development,0,,review,review_label_correct,True,,volume_discount_uncertain,3052975,,audit_amount_unresolved,,1,0
INV-H1-000227,development,1,daily_cap_exceeded|invoice_total_mismatch,erroneous,true_positive,True,daily_cap|invoice_arithmetic|line_amount,service_match_unresolved,5299500,,audit_amount_unresolved,,1,0
INV-H1-000228,development,0,,review,review_label_correct,True,,service_match_unresolved,5703033,,audit_amount_unresolved,,1,0
INV-H1-000229,held_aside,0,,review,review_label_correct,True,,service_match_unresolved,3209175,,audit_amount_unresolved,,1,0
INV-H1-000230,development,0,,review,review_label_correct,True,,volume_discount_uncertain,4288169,,audit_amount_unresolved,,1,0
INV-H1-000231,development,1,cross_invoice_duplicate,erroneous,true_positive,False,duplicate_billing|invoice_amount|line_amount,,1857000,1857000,exact,0,1,0
INV-H1-000232,development,0,,correct,true_negative,False,,,1776500,1776500,exact,0,1,0
INV-H1-000233,development,0,,correct,true_negative,False,,,1342604,1342604,exact,0,1,0
INV-H1-000234,held_aside,0,,review,review_label_correct,True,,volume_discount_uncertain,3237598,,audit_amount_unresolved,,1,0
INV-H1-000235,held_aside,0,,review,review_label_correct,True,,volume_discount_uncertain,2869701,,audit_amount_unresolved,,1,0
INV-H1-000236,development,1,premium_omitted|unknown_service,erroneous,true_positive,True,line_amount|unit_basis|unit_price,contract_quantity_unknown_due_to_unit_mismatch|delivered_quantity_or_duplicate_identity_uncertain|retention_or_payable_quantity_requires_review,1431000,,audit_amount_unresolved,,1,0
INV-H1-000237,held_aside,0,,correct,true_negative,False,,,1737059,1737059,exact,0,1,0
INV-H1-000238,development,0,,correct,true_negative,False,,,2497748,2497748,exact,0,1,0
INV-H1-000239,development,0,,review,review_label_correct,True,,volume_discount_uncertain,5281118,,audit_amount_unresolved,,1,0
INV-H1-000240,development,0,,correct,true_negative,False,,,4511850,4511850,exact,0,1,0
INV-H1-000241,development,0,,review,review_label_correct,True,,volume_discount_uncertain,977296,,audit_amount_unresolved,,1,0
INV-H1-000242,development,0,,correct,true_negative,False,,,4382326,4382326,exact,0,1,0
INV-H1-000243,development,0,,correct,true_negative,False,,,1323865,1323865,exact,0,1,0
INV-H1-000244,development,0,,correct,true_negative,False,,,2047736,2047736,exact,0,1,0
INV-H1-000245,development,0,,correct,true_negative,False,,,1082990,1082990,exact,0,1,0
INV-H1-000246,held_aside,0,,review,review_label_correct,True,,volume_discount_uncertain,5672351,,audit_amount_unresolved,,1,0
INV-H1-000247,held_aside,0,,correct,true_negative,False,,,2600025,2600025,exact,0,1,0
INV-H1-000248,development,0,,review,review_label_correct,True,,service_match_unresolved|volume_discount_uncertain,544710,,audit_amount_unresolved,,1,0
INV-H1-000249,development,0,,review,review_label_correct,True,,service_match_unresolved,3013610,,audit_amount_unresolved,,1,0
INV-H1-000250,development,0,,correct,true_negative,False,,,4872236,4872236,exact,0,1,0
INV-H1-000251,development,0,,correct,true_negative,False,,,3053898,3053898,exact,0,1,0
INV-H1-000252,development,0,,review,review_label_correct,True,,service_match_unresolved,863125,,audit_amount_unresolved,,1,0
INV-H1-000253,development,0,,review,review_label_correct,True,,service_match_unresolved|volume_discount_uncertain,4520236,,audit_amount_unresolved,,1,0
INV-H1-000254,development,0,,review,review_label_correct,True,,service_match_unresolved,3814367,,audit_amount_unresolved,,1,0
INV-H1-000255,development,0,,review,review_label_correct,True,,volume_discount_uncertain,2420053,,audit_amount_unresolved,,1,0
INV-H1-000256,development,0,,correct,true_negative,False,,,3513900,3513900,exact,0,1,0
INV-H1-000257,development,1,line_total_arithmetic|wrong_unit_basis,erroneous,true_positive,True,line_amount|line_arithmetic|unit_basis,contract_quantity_unknown_due_to_unit_mismatch|delivered_quantity_or_duplicate_identity_uncertain|retention_or_payable_quantity_requires_review,2633795,,audit_amount_unresolved,,1,0
INV-H1-000258,development,0,,correct,true_negative,False,,,1460663,1460663,exact,0,1,0
INV-H1-000259,development,0,,review,review_label_correct,True,,volume_discount_uncertain,3960786,,audit_amount_unresolved,,1,0
INV-H1-000260,development,0,,review,review_label_correct,True,,service_match_unresolved,2665371,,audit_amount_unresolved,,1,0
INV-H1-000261,development,0,,review,review_label_correct,True,,delivered_quantity_or_duplicate_identity_uncertain|retention_or_payable_quantity_requires_review|service_match_unresolved,4458808,,audit_amount_unresolved,,1,0
INV-H1-000262,development,0,,review,review_label_correct,True,,service_match_unresolved,4999710,,audit_amount_unresolved,,1,0
INV-H1-000263,held_aside,0,,correct,true_negative,False,,,2241675,2241675,exact,0,1,0
INV-H1-000264,development,0,,correct,true_negative,False,,,3573037,3573037,exact,0,1,0
INV-H1-000265,development,0,,review,review_label_correct,True,,volume_discount_uncertain,1725938,,audit_amount_unresolved,,1,0
INV-H1-000266,development,0,,correct,true_negative,False,,,2910707,2910707,exact,0,1,0
INV-H1-000267,development,0,,correct,true_negative,False,,,2559275,2559275,exact,0,1,0
INV-H1-000268,development,0,,review,review_label_correct,True,,service_match_unresolved|volume_discount_uncertain,2917243,,audit_amount_unresolved,,1,0
INV-H1-000269,development,0,,review,review_label_correct,True,,service_match_unresolved,3835498,,audit_amount_unresolved,,1,0
INV-H1-000270,development,0,,correct,true_negative,False,,,4244547,4244547,exact,0,1,0
INV-H1-000271,development,1,bundle_not_applied,erroneous,true_positive,False,invoice_amount|line_amount|unit_price,,5043791,5043791,exact,0,1,0
INV-H1-000272,development,0,,correct,true_negative,False,,,1597704,1597704,exact,0,1,0
INV-H1-000273,held_aside,0,,correct,true_negative,False,,,1306725,1306725,exact,0,1,0
INV-H1-000274,development,1,service_date_after_invoice_date,erroneous,true_positive,True,service_date,invalid_date_payability_requires_review|retention_or_payable_quantity_requires_review|service_match_unresolved,4830260,,audit_amount_unresolved,,1,0
INV-H1-000275,development,0,,review,review_label_correct,True,,volume_discount_uncertain,1307228,,audit_amount_unresolved,,1,0
INV-H1-000276,development,0,,correct,true_negative,False,,,1799385,1799385,exact,0,1,0
INV-H1-000277,development,0,,correct,true_negative,False,,,3327275,3327275,exact,0,1,0
INV-H1-000278,development,0,,review,review_label_correct,True,,service_match_unresolved,2961500,,audit_amount_unresolved,,1,0
INV-H1-000279,development,0,,correct,true_negative,False,,,6811727,6811727,exact,0,1,0
INV-H1-000280,development,0,,correct,true_negative,False,,,610500,610500,exact,0,1,0
INV-H1-000281,development,1,invoice_total_mismatch|malformed_service_date|premium_incorrectly_applied,erroneous,true_positive,True,invoice_arithmetic|line_amount|service_date|unit_price,delivered_quantity_or_duplicate_identity_uncertain|invalid_date_payability_requires_review|retention_or_payable_quantity_requires_review|volume_discount_uncertain,5722583,,audit_amount_unresolved,,1,0
INV-H1-000282,development,0,,review,review_label_correct,True,,service_match_unresolved,4099094,,audit_amount_unresolved,,1,0
INV-H1-000283,held_aside,1,contract_number_mismatch|invoice_total_mismatch,erroneous,true_positive,True,contract_number|invoice_arithmetic,volume_discount_uncertain,1906268,,audit_amount_unresolved,,1,0
INV-H1-000284,development,0,,correct,true_negative,False,,,4714099,4714099,exact,0,1,0
INV-H1-000285,held_aside,0,,review,review_label_correct,True,,service_match_unresolved|volume_discount_uncertain,2413988,,audit_amount_unresolved,,1,0
INV-H1-000286,held_aside,0,,review,review_label_correct,True,,delivered_quantity_or_duplicate_identity_uncertain|retention_or_payable_quantity_requires_review,1729332,,audit_amount_unresolved,,1,0
INV-H1-000287,development,0,,correct,true_negative,False,,,6027372,6027372,exact,0,1,0
INV-H1-000288,development,0,,review,review_label_correct,True,,delivered_quantity_or_duplicate_identity_uncertain|retention_or_payable_quantity_requires_review|service_match_unresolved,2537184,,audit_amount_unresolved,,1,0
INV-H1-000289,development,0,,review,review_label_correct,True,,volume_discount_uncertain,3937921,,audit_amount_unresolved,,1,0
INV-H1-000290,development,0,,correct,true_negative,False,,,2638495,2638495,exact,0,1,0
INV-H1-000291,development,0,,correct,true_negative,False,,,1087125,1087125,exact,0,1,0
INV-H1-000292,development,0,,review,review_label_correct,True,,service_match_unresolved,5170138,,audit_amount_unresolved,,1,0
INV-H1-000293,development,0,,correct,true_negative,False,,,1998575,1998575,exact,0,1,0
INV-H1-000294,held_aside,0,,correct,true_negative,False,,,3254027,3254027,exact,0,1,0
INV-H1-000295,development,0,,review,review_label_correct,True,,service_match_unresolved,2470884,,audit_amount_unresolved,,1,0
INV-H1-000296,development,0,,correct,true_negative,False,,,1028250,1028250,exact,0,1,0
INV-H1-000297,development,0,,review,review_label_correct,True,,service_match_unresolved,3733404,,audit_amount_unresolved,,1,0
INV-H1-000298,development,0,,review,review_label_correct,True,,service_match_unresolved,4323122,,audit_amount_unresolved,,1,0
INV-H1-000299,held_aside,0,,correct,true_negative,False,,,1765725,1765725,exact,0,1,0
INV-H1-000300,held_aside,0,,review,review_label_correct,True,,service_match_unresolved,5214349,,audit_amount_unresolved,,1,0
INV-H1-000301,development,0,,review,review_label_correct,True,,delivered_quantity_or_duplicate_identity_uncertain|retention_or_payable_quantity_requires_review|service_match_unresolved,3120395,,audit_amount_unresolved,,1,0
INV-H1-000302,development,0,,correct,true_negative,False,,,2047225,2047225,exact,0,1,0
INV-H1-000303,development,0,,correct,true_negative,False,,,1755545,1755545,exact,0,1,0
INV-H1-000304,development,1,premium_incorrectly_applied|unknown_service|volume_discount_omitted,erroneous,true_positive,True,line_amount|unit_price,delivered_quantity_or_duplicate_identity_uncertain|retention_or_payable_quantity_requires_review|service_match_unresolved,1792655,,audit_amount_unresolved,,1,0
INV-H1-000305,development,0,,correct,true_negative,False,,,3792595,3792595,exact,0,1,0
INV-H1-000306,development,0,,review,review_label_correct,True,,volume_discount_uncertain,1378286,,audit_amount_unresolved,,1,0
INV-H1-000307,development,0,,review,review_label_correct,True,,service_match_unresolved,4566413,,audit_amount_unresolved,,1,0
INV-H1-000308,development,0,,correct,true_negative,False,,,2262777,2262777,exact,0,1,0
INV-H1-000309,development,0,,correct,true_negative,False,,,3586962,3586962,exact,0,1,0
INV-H1-000310,development,0,,correct,true_negative,False,,,2067950,2067950,exact,0,1,0
INV-H1-000311,development,0,,correct,true_negative,False,,,5054797,5054797,exact,0,1,0
INV-H1-000312,development,0,,review,review_label_correct,True,,service_match_unresolved,3271467,,audit_amount_unresolved,,1,0
INV-H1-000313,development,0,,review,review_label_correct,True,,service_match_unresolved|volume_discount_uncertain,2000710,,audit_amount_unresolved,,1,0
INV-H1-000314,development,0,,correct,true_negative,False,,,1964300,1964300,exact,0,1,0
INV-H1-000315,held_aside,0,,correct,true_negative,False,,,2377226,2377226,exact,0,1,0
INV-H1-000316,development,0,,correct,true_negative,False,,,3615350,3615350,exact,0,1,0
INV-H1-000317,development,0,,correct,true_negative,False,,,3938225,3938225,exact,0,1,0
INV-H1-000318,development,0,,correct,true_negative,False,,,2883937,2883937,exact,0,1,0
INV-H1-000319,held_aside,0,,review,review_label_correct,True,,volume_discount_uncertain,1087921,,audit_amount_unresolved,,1,0
INV-H1-000320,development,0,,review,review_label_correct,True,,service_match_unresolved,3917514,,audit_amount_unresolved,,1,0
INV-H1-000321,development,0,,review,review_label_correct,True,,volume_discount_uncertain,1654264,,audit_amount_unresolved,,1,0
INV-H1-000322,development,0,,correct,true_negative,False,,,5109300,5109300,exact,0,1,0
INV-H1-000323,development,0,,review,review_label_correct,True,,volume_discount_uncertain,3047421,,audit_amount_unresolved,,1,0
INV-H1-000324,development,0,,review,review_label_correct,True,,service_match_unresolved,2108575,,audit_amount_unresolved,,1,0
INV-H1-000325,development,0,,correct,true_negative,False,,,536860,536860,exact,0,1,0
INV-H1-000326,development,0,,correct,true_negative,False,,,4087586,4087586,exact,0,1,0
INV-H1-000327,held_aside,0,,correct,true_negative,False,,,2505119,2505119,exact,0,1,0
INV-H1-000328,development,0,,correct,true_negative,False,,,1134870,1134870,exact,0,1,0
INV-H1-000329,development,0,,review,review_label_correct,True,,service_match_unresolved,3910743,,audit_amount_unresolved,,1,0
INV-H1-000330,held_aside,0,,correct,true_negative,False,,,2678730,2678730,exact,0,1,0
INV-H1-000331,development,0,,correct,true_negative,False,,,3391248,3391248,exact,0,1,0
INV-H1-000332,development,0,,review,review_label_correct,True,,service_match_unresolved,2651838,,audit_amount_unresolved,,1,0
INV-H1-000333,held_aside,0,,correct,true_negative,False,,,1720900,1720900,exact,0,1,0
INV-H1-000334,development,0,,review,review_label_correct,True,,volume_discount_uncertain,3936038,,audit_amount_unresolved,,1,0
INV-H1-000335,development,0,,review,review_label_correct,True,,service_match_unresolved,3255685,,audit_amount_unresolved,,1,0
INV-H1-000336,development,0,,review,review_label_correct,True,,service_match_unresolved,6942726,,audit_amount_unresolved,,1,0
INV-H1-000337,development,0,,correct,true_negative,False,,,2136588,2136588,exact,0,1,0
INV-H1-000338,development,0,,review,review_label_correct,True,,service_match_unresolved,2344149,,audit_amount_unresolved,,1,0
INV-H1-000339,development,0,,correct,true_negative,False,,,3912969,3912969,exact,0,1,0
INV-H1-000340,development,0,,correct,true_negative,False,,,576905,576905,exact,0,1,0
INV-H1-000341,development,0,,review,review_label_correct,True,,service_match_unresolved,4071914,,audit_amount_unresolved,,1,0
INV-H1-000342,held_aside,0,,correct,true_negative,False,,,1577666,1577666,exact,0,1,0
INV-H1-000343,development,0,,correct,true_negative,False,,,3194404,3194404,exact,0,1,0
INV-H1-000344,development,0,,correct,true_negative,False,,,1373305,1373305,exact,0,1,0
INV-H1-000345,development,0,,review,review_label_correct,True,,volume_discount_uncertain,4950257,,audit_amount_unresolved,,1,0
INV-H1-000346,development,0,,review,review_label_correct,True,,volume_discount_uncertain,3645988,,audit_amount_unresolved,,1,0
INV-H1-000347,development,0,,review,review_label_correct,True,,service_match_unresolved,1686851,,audit_amount_unresolved,,1,0
INV-H1-000348,development,1,premium_omitted|unknown_service,erroneous,true_positive,True,line_amount|unit_price,delivered_quantity_or_duplicate_identity_uncertain|exclusion_presence_uncertain|retention_or_payable_quantity_requires_review|service_match_unresolved|volume_discount_uncertain,4433213,,audit_amount_unresolved,,1,0
INV-H1-000349,development,0,,review,review_label_correct,True,,service_match_unresolved,3901242,,audit_amount_unresolved,,1,0
INV-H1-000350,development,0,,correct,true_negative,False,,,3941391,3941391,exact,0,1,0
INV-H1-000351,held_aside,0,,correct,true_negative,False,,,2695558,2695558,exact,0,1,0
INV-H1-000352,held_aside,1,invoice_total_mismatch|premium_incorrectly_applied,erroneous,true_positive,False,invoice_amount|invoice_arithmetic|line_amount|unit_price,,1772000,1772000,exact,0,1,0
INV-H1-000353,development,0,,correct,true_negative,False,,,4603398,4603398,exact,0,1,0
INV-H1-000354,development,0,,correct,true_negative,False,,,1285121,1285121,exact,0,1,0
INV-H1-000355,held_aside,0,,correct,true_negative,False,,,2311350,2311350,exact,0,1,0
INV-H1-000356,held_aside,0,,correct,true_negative,False,,,1688485,1688485,exact,0,1,0
INV-H1-000357,development,0,,correct,true_negative,False,,,2148982,2148982,exact,0,1,0
INV-H1-000358,held_aside,0,,correct,true_negative,False,,,1266351,1266351,exact,0,1,0
INV-H1-000359,development,0,,review,review_label_correct,True,,service_match_unresolved,1190493,,audit_amount_unresolved,,1,0
INV-H1-000360,held_aside,0,,correct,true_negative,False,,,1356858,1356858,exact,0,1,0
INV-H1-000361,development,0,,review,review_label_correct,True,,delivered_quantity_or_duplicate_identity_uncertain|retention_or_payable_quantity_requires_review|service_match_unresolved,5582221,,audit_amount_unresolved,,1,0
INV-H1-000362,development,1,premium_incorrectly_applied|unit_price_mismatch,erroneous,true_positive,False,invoice_amount|line_amount|unit_price,,2585375,2585375,exact,0,1,0
INV-H1-000363,development,0,,review,review_label_correct,True,,volume_discount_uncertain,4940256,,audit_amount_unresolved,,1,0
INV-H1-000364,held_aside,0,,correct,true_negative,False,,,2135850,2135850,exact,0,1,0
INV-H1-000365,development,0,,correct,true_negative,False,,,851758,851758,exact,0,1,0
INV-H1-000366,development,0,,correct,true_negative,False,,,3533188,3533188,exact,0,1,0
INV-H1-000367,held_aside,0,,correct,true_negative,False,,,5712533,5712533,exact,0,1,0
INV-H1-000368,development,0,,review,review_label_correct,True,,volume_discount_uncertain,2639691,,audit_amount_unresolved,,1,0
INV-H1-000369,development,1,unknown_service|wrong_unit_basis,erroneous,true_positive,True,unit_basis,contract_quantity_unknown_due_to_unit_mismatch|delivered_quantity_or_duplicate_identity_uncertain|retention_or_payable_quantity_requires_review|service_match_unresolved,5369613,,audit_amount_unresolved,,1,0
INV-H1-000370,development,0,,review,review_label_correct,True,,volume_discount_uncertain,5129544,,audit_amount_unresolved,,1,0
INV-H1-000371,development,0,,correct,true_negative,False,,,4868595,4868595,exact,0,1,0
INV-H1-000372,development,0,,review,review_label_correct,True,,service_match_unresolved,2622700,,audit_amount_unresolved,,1,0
INV-H1-000373,development,0,,correct,true_negative,False,,,4111730,4111730,exact,0,1,0
INV-H1-000374,development,0,,correct,true_negative,False,,,2654366,2654366,exact,0,1,0
INV-H1-000375,development,0,,correct,true_negative,False,,,2522051,2522051,exact,0,1,0
INV-H1-000376,development,0,,correct,true_negative,False,,,1924073,1924073,exact,0,1,0
INV-H1-000377,development,0,,correct,true_negative,False,,,1769400,1769400,exact,0,1,0
INV-H1-000378,development,0,,correct,true_negative,False,,,4478725,4478725,exact,0,1,0
INV-H1-000379,development,0,,correct,true_negative,False,,,1597325,1597325,exact,0,1,0
INV-H1-000380,development,0,,review,review_label_correct,True,,service_match_unresolved,2229670,,audit_amount_unresolved,,1,0
INV-H1-000381,development,0,,review,review_label_correct,True,,service_match_unresolved,3752825,,audit_amount_unresolved,,1,0
INV-H1-000382,development,0,,correct,true_negative,False,,,491735,491735,exact,0,1,0
INV-H1-000383,held_aside,0,,review,review_label_correct,True,,service_match_unresolved,4803754,,audit_amount_unresolved,,1,0
INV-H1-000384,held_aside,0,,review,review_label_correct,True,,service_match_unresolved,2900825,,audit_amount_unresolved,,1,0
INV-H1-000385,development,0,,review,review_label_correct,True,,service_match_unresolved|volume_discount_uncertain,5418912,,audit_amount_unresolved,,1,0
INV-H1-000386,development,0,,review,review_label_correct,True,,service_match_unresolved,993200,,audit_amount_unresolved,,1,0
INV-H1-000387,development,0,,review,review_label_correct,True,,service_match_unresolved,2527815,,audit_amount_unresolved,,1,0
INV-H1-000388,development,0,,correct,true_negative,False,,,1449822,1449822,exact,0,1,0
INV-H1-000389,development,0,,correct,true_negative,False,,,808400,808400,exact,0,1,0
INV-H1-000390,development,0,,correct,true_negative,False,,,3234713,3234713,exact,0,1,0
INV-H1-000391,development,0,,correct,true_negative,False,,,1280575,1280575,exact,0,1,0
INV-H1-000392,development,0,,correct,true_negative,False,,,1284269,1284269,exact,0,1,0
INV-H1-000393,held_aside,0,,correct,true_negative,False,,,1456650,1456650,exact,0,1,0
INV-H1-000394,development,0,,review,review_label_correct,True,,service_match_unresolved|volume_discount_uncertain,3151289,,audit_amount_unresolved,,1,0
INV-H1-000395,development,0,,correct,true_negative,False,,,2080896,2080896,exact,0,1,0
INV-H1-000396,development,0,,correct,true_negative,False,,,3461313,3461313,exact,0,1,0
INV-H1-000397,development,0,,correct,true_negative,False,,,545155,545155,exact,0,1,0
INV-H1-000398,development,0,,correct,true_negative,False,,,2007470,2007470,exact,0,1,0
INV-H1-000399,development,0,,correct,true_negative,False,,,2366250,2366250,exact,0,1,0
INV-H1-000400,held_aside,0,,review,review_label_correct,True,,service_match_unresolved,2752565,,audit_amount_unresolved,,1,0
INV-H1-000401,development,0,,review,review_label_correct,True,,volume_discount_uncertain,5262007,,audit_amount_unresolved,,1,0
INV-H1-000402,development,0,,correct,true_negative,False,,,4234035,4234035,exact,0,1,0
INV-H1-000403,development,0,,review,review_label_correct,True,,volume_discount_uncertain,4418733,,audit_amount_unresolved,,1,0
INV-H1-000404,development,0,,correct,true_negative,False,,,4829725,4829725,exact,0,1,0
INV-H1-000405,development,0,,review,review_label_correct,True,,service_match_unresolved,3411350,,audit_amount_unresolved,,1,0
INV-H1-000406,development,0,,review,review_label_correct,True,,service_match_unresolved|volume_discount_uncertain,2423583,,audit_amount_unresolved,,1,0
INV-H1-000407,development,0,,review,review_label_correct,True,,volume_discount_uncertain,1979738,,audit_amount_unresolved,,1,0
INV-H1-000408,development,0,,correct,true_negative,False,,,2481807,2481807,exact,0,1,0
INV-H1-000409,development,0,,review,review_label_correct,True,,volume_discount_uncertain,2308621,,audit_amount_unresolved,,1,0
INV-H1-000410,development,1,unit_price_mismatch|unknown_service,erroneous,true_positive,True,unit_price,delivered_quantity_or_duplicate_identity_uncertain|exclusion_presence_uncertain|retention_or_payable_quantity_requires_review|service_match_unresolved,983219,,audit_amount_unresolved,,1,0
INV-H1-000411,development,0,,review,review_label_correct,True,,volume_discount_uncertain,5180539,,audit_amount_unresolved,,1,0
INV-H1-000412,held_aside,0,,correct,true_negative,False,,,2080883,2080883,exact,0,1,0
INV-H1-000413,held_aside,0,,correct,true_negative,False,,,2339140,2339140,exact,0,1,0
INV-H1-000414,development,0,,review,review_label_correct,True,,volume_discount_uncertain,2722135,,audit_amount_unresolved,,1,0
INV-H1-000415,development,0,,review,review_label_correct,True,,service_match_unresolved,3968488,,audit_amount_unresolved,,1,0
INV-H1-000416,development,0,,review,review_label_correct,True,,volume_discount_uncertain,4179994,,audit_amount_unresolved,,1,0
INV-H1-000417,development,0,,correct,true_negative,False,,,2093475,2093475,exact,0,1,0
INV-H1-000418,development,0,,correct,true_negative,False,,,1869430,1869430,exact,0,1,0
INV-H1-000419,development,0,,review,review_label_correct,True,,service_match_unresolved,3815623,,audit_amount_unresolved,,1,0
INV-H1-000420,development,0,,review,review_label_correct,True,,service_match_unresolved,3323354,,audit_amount_unresolved,,1,0
INV-H1-000421,development,0,,correct,true_negative,False,,,2719245,2719245,exact,0,1,0
INV-H1-000422,development,0,,review,review_label_correct,True,,service_match_unresolved,3506629,,audit_amount_unresolved,,1,0
INV-H1-000423,development,0,,correct,true_negative,False,,,1024610,1024610,exact,0,1,0
INV-H1-000424,development,0,,review,review_label_correct,True,,volume_discount_uncertain,2025556,,audit_amount_unresolved,,1,0
INV-H1-000425,development,0,,correct,true_negative,False,,,1800975,1800975,exact,0,1,0
INV-H1-000426,development,0,,review,review_label_correct,True,,volume_discount_uncertain,3325694,,audit_amount_unresolved,,1,0
INV-H1-000427,development,0,,correct,true_negative,False,,,3572085,3572085,exact,0,1,0
INV-H1-000428,held_aside,0,,review,review_label_correct,True,,volume_discount_uncertain,3561933,,audit_amount_unresolved,,1,0
INV-H1-000429,development,1,duplicate_invoice_id,erroneous,true_positive,True,invoice_arithmetic|invoice_identifier|record_join|service_date,delivered_quantity_or_duplicate_identity_uncertain|exclusion_presence_uncertain|invalid_date_payability_requires_review|invoice_identifier_join_ambiguous|missing_or_ambiguous_invoice_join|missing_patient_context|premium_eligibility_uncertain|retention_or_payable_quantity_requires_review,5458136,,audit_amount_unresolved,,2,0
INV-H1-000430,development,0,,correct,true_negative,False,,,1157907,1157907,exact,0,1,0
INV-H1-000431,development,0,,review,review_label_correct,True,,delivered_quantity_or_duplicate_identity_uncertain|retention_or_payable_quantity_requires_review|volume_discount_uncertain,3632283,,audit_amount_unresolved,,1,0
INV-H1-000432,development,0,,correct,true_negative,False,,,2112125,2112125,exact,0,1,0
INV-H1-000433,development,0,,review,review_label_correct,True,,service_match_unresolved,2288782,,audit_amount_unresolved,,1,0
INV-H1-000434,held_aside,0,,review,review_label_correct,True,,delivered_quantity_or_duplicate_identity_uncertain|retention_or_payable_quantity_requires_review,2387865,,audit_amount_unresolved,,1,0
INV-H1-000435,development,0,,review,review_label_correct,True,,service_match_unresolved,3068051,,audit_amount_unresolved,,1,0
INV-H1-000436,development,0,,review,review_label_correct,True,,service_match_unresolved,3772569,,audit_amount_unresolved,,1,0
INV-H1-000437,development,0,,review,review_label_correct,True,,volume_discount_uncertain,621988,,audit_amount_unresolved,,1,0
INV-H1-000438,development,0,,review,review_label_correct,True,,service_match_unresolved,3797347,,audit_amount_unresolved,,1,0
INV-H1-000439,development,0,,correct,true_negative,False,,,3233525,3233525,exact,0,1,0
INV-H1-000440,development,0,,review,review_label_correct,True,,service_match_unresolved|volume_discount_uncertain,4267224,,audit_amount_unresolved,,1,0
INV-H1-000441,development,0,,review,review_label_correct,True,,service_match_unresolved,4280274,,audit_amount_unresolved,,1,0
INV-H1-000442,development,0,,review,review_label_correct,True,,delivered_quantity_or_duplicate_identity_uncertain|retention_or_payable_quantity_requires_review|service_match_unresolved,2907688,,audit_amount_unresolved,,1,0
INV-H1-000443,development,0,,review,review_label_correct,True,,service_match_unresolved,3348335,,audit_amount_unresolved,,1,0
INV-H1-000444,development,0,,correct,true_negative,False,,,977472,977472,exact,0,1,0
INV-H1-000445,development,0,,review,review_label_correct,True,,service_match_unresolved,4150329,,audit_amount_unresolved,,1,0
INV-H1-000446,development,0,,correct,true_negative,False,,,3016748,3016748,exact,0,1,0
INV-H1-000447,development,0,,review,review_label_correct,True,,delivered_quantity_or_duplicate_identity_uncertain|retention_or_payable_quantity_requires_review|volume_discount_uncertain,3929492,,audit_amount_unresolved,,1,0
INV-H1-000448,development,0,,correct,true_negative,False,,,1964750,1964750,exact,0,1,0
INV-H1-000449,development,0,,review,review_label_correct,True,,volume_discount_uncertain,1815814,,audit_amount_unresolved,,1,0
INV-H1-000450,development,0,,review,review_label_correct,True,,service_match_unresolved,3750785,,audit_amount_unresolved,,1,0
INV-H1-000451,development,0,,review,review_label_correct,True,,volume_discount_uncertain,1300046,,audit_amount_unresolved,,1,0
INV-H1-000452,development,0,,review,review_label_correct,True,,service_match_unresolved,3922869,,audit_amount_unresolved,,1,0
INV-H1-000453,development,0,,correct,true_negative,False,,,3003799,3003799,exact,0,1,0
INV-H1-000454,development,0,,review,review_label_correct,True,,delivered_quantity_or_duplicate_identity_uncertain|retention_or_payable_quantity_requires_review|volume_discount_uncertain,2777454,,audit_amount_unresolved,,1,0
INV-H1-000455,development,0,,correct,true_negative,False,,,957925,957925,exact,0,1,0
INV-H1-000456,development,0,,review,review_label_correct,True,,service_match_unresolved,448050,,audit_amount_unresolved,,1,0
INV-H1-000457,development,1,duplicate_invoice_id|wrong_unit_basis,erroneous,true_positive,True,invoice_arithmetic|invoice_identifier|record_join|service_date|unit_basis,contract_quantity_unknown_due_to_unit_mismatch|delivered_quantity_or_duplicate_identity_uncertain|exclusion_presence_uncertain|invalid_date_payability_requires_review|invoice_identifier_join_ambiguous|missing_or_ambiguous_invoice_join|missing_patient_context|retention_or_payable_quantity_requires_review,1922972,,audit_amount_unresolved,,2,0
INV-H1-000458,development,1,volume_discount_omitted,erroneous,true_positive,True,unit_price,delivered_quantity_or_duplicate_identity_uncertain|retention_or_payable_quantity_requires_review,1831611,,audit_amount_unresolved,,1,0
INV-H1-000459,development,0,,review,review_label_correct,True,,delivered_quantity_or_duplicate_identity_uncertain|retention_or_payable_quantity_requires_review,3069167,,audit_amount_unresolved,,1,0
INV-H1-000460,development,0,,review,review_label_correct,True,,service_match_unresolved,4453748,,audit_amount_unresolved,,1,0
INV-H1-000461,development,0,,review,review_label_correct,True,,service_match_unresolved|volume_discount_uncertain,1580476,,audit_amount_unresolved,,1,0
INV-H1-000462,development,0,,correct,true_negative,False,,,4025065,4025065,exact,0,1,0
INV-H1-000463,development,0,,correct,true_negative,False,,,1625250,1625250,exact,0,1,0
INV-H1-000464,development,0,,correct,true_negative,False,,,2869875,2869875,exact,0,1,0
INV-H1-000465,development,0,,correct,true_negative,False,,,3242265,3242265,exact,0,1,0
INV-H1-000466,development,0,,correct,true_negative,False,,,4118773,4118773,exact,0,1,0
INV-H1-000467,development,0,,correct,true_negative,False,,,1593117,1593117,exact,0,1,0
INV-H1-000468,development,0,,correct,true_negative,False,,,2322788,2322788,exact,0,1,0
INV-H1-000469,development,0,,review,review_label_correct,True,,service_match_unresolved,3459640,,audit_amount_unresolved,,1,0
INV-H1-000470,development,0,,review,review_label_correct,True,,volume_discount_uncertain,1483021,,audit_amount_unresolved,,1,0
INV-H1-000471,development,0,,correct,true_negative,False,,,3544700,3544700,exact,0,1,0
INV-H1-000472,development,0,,correct,true_negative,False,,,3796850,3796850,exact,0,1,0
INV-H1-000473,development,0,,review,review_label_correct,True,,service_match_unresolved,246400,,audit_amount_unresolved,,1,0
INV-H1-000474,development,0,,correct,true_negative,False,,,4779128,4779128,exact,0,1,0
INV-H1-000475,development,0,,review,review_label_correct,True,,delivered_quantity_or_duplicate_identity_uncertain|retention_or_payable_quantity_requires_review|volume_discount_uncertain,5031578,,audit_amount_unresolved,,1,0
INV-H1-000476,development,0,,review,review_label_correct,True,,service_match_unresolved,2133950,,audit_amount_unresolved,,1,0
INV-H1-000477,development,0,,review,review_label_correct,True,,delivered_quantity_or_duplicate_identity_uncertain|retention_or_payable_quantity_requires_review,5055131,,audit_amount_unresolved,,1,0
INV-H1-000478,development,0,,review,review_label_correct,True,,service_match_unresolved,2966845,,audit_amount_unresolved,,1,0
INV-H1-000479,development,0,,correct,true_negative,False,,,1168772,1168772,exact,0,1,0
INV-H1-000480,development,0,,review,review_label_correct,True,,service_match_unresolved,1479076,,audit_amount_unresolved,,1,0
INV-H1-000481,development,0,,correct,true_negative,False,,,1713420,1713420,exact,0,1,0
INV-H1-000482,held_aside,0,,correct,true_negative,False,,,4322390,4322390,exact,0,1,0
INV-H1-000484,development,0,,correct,true_negative,False,,,3236961,3236961,exact,0,1,0
INV-H1-000485,development,0,,review,review_label_correct,True,,service_match_unresolved|volume_discount_uncertain,3268863,,audit_amount_unresolved,,1,0
INV-H1-000486,development,0,,correct,true_negative,False,,,2381026,2381026,exact,0,1,0
INV-H1-000487,development,0,,correct,true_negative,False,,,4225949,4225949,exact,0,1,0
INV-H1-000488,held_aside,0,,correct,true_negative,False,,,2827787,2827787,exact,0,1,0
INV-H1-000489,held_aside,0,,review,review_label_correct,True,,volume_discount_uncertain,2573703,,audit_amount_unresolved,,1,0
INV-H1-000490,development,0,,correct,true_negative,False,,,4113835,4113835,exact,0,1,0
INV-H1-000491,development,0,,review,review_label_correct,True,,service_match_unresolved,5588687,,audit_amount_unresolved,,1,0
INV-H1-000492,held_aside,0,,correct,true_negative,False,,,3432865,3432865,exact,0,1,0
INV-H1-000493,development,0,,correct,true_negative,False,,,2157125,2157125,exact,0,1,0
INV-H1-000494,development,0,,correct,true_negative,False,,,3822326,3822326,exact,0,1,0
INV-H1-000495,development,0,,review,review_label_correct,True,,volume_discount_uncertain,4051133,,audit_amount_unresolved,,1,0
INV-H1-000496,development,0,,review,review_label_correct,True,,delivered_quantity_or_duplicate_identity_uncertain|premium_eligibility_uncertain|retention_or_payable_quantity_requires_review|service_match_unresolved,2393178,,audit_amount_unresolved,,1,0
INV-H1-000497,held_aside,0,,review,review_label_correct,True,,service_match_unresolved,2763008,,audit_amount_unresolved,,1,0
INV-H1-000498,development,0,,correct,true_negative,False,,,2472768,2472768,exact,0,1,0
INV-H1-000499,held_aside,0,,review,review_label_correct,True,,volume_discount_uncertain,1807388,,audit_amount_unresolved,,1,0
INV-H1-000500,development,0,,correct,true_negative,False,,,1796300,1796300,exact,0,1,0
INV-H1-000501,held_aside,0,,review,review_label_correct,True,,volume_discount_uncertain,6302858,,audit_amount_unresolved,,1,0
INV-H1-000502,development,0,,correct,true_negative,False,,,2888275,2888275,exact,0,1,0
INV-H1-000503,held_aside,0,,correct,true_negative,False,,,2860075,2860075,exact,0,1,0
INV-H1-000504,development,0,,review,review_label_correct,True,,volume_discount_uncertain,2609985,,audit_amount_unresolved,,1,0
INV-H1-000505,development,0,,correct,true_negative,False,,,1186370,1186370,exact,0,1,0
INV-H1-000506,development,0,,review,review_label_correct,True,,service_match_unresolved,2647008,,audit_amount_unresolved,,1,0
INV-H1-000507,development,0,,correct,true_negative,False,,,3104690,3104690,exact,0,1,0
INV-H1-000508,development,0,,correct,true_negative,False,,,3881260,3881260,exact,0,1,0
INV-H1-000509,development,0,,correct,true_negative,False,,,2951276,2951276,exact,0,1,0
INV-H1-000510,development,0,,review,review_label_correct,True,,service_match_unresolved|volume_discount_uncertain,2299574,,audit_amount_unresolved,,1,0
INV-H1-000511,development,0,,review,review_label_correct,True,,delivered_quantity_or_duplicate_identity_uncertain|retention_or_payable_quantity_requires_review|service_match_unresolved|volume_discount_uncertain,3387015,,audit_amount_unresolved,,1,0
INV-H1-000512,development,0,,correct,true_negative,False,,,2026594,2026594,exact,0,1,0
INV-H1-000513,development,0,,correct,true_negative,False,,,3102116,3102116,exact,0,1,0
INV-H1-000514,development,0,,correct,true_negative,False,,,2518898,2518898,exact,0,1,0
INV-H1-000515,development,0,,review,review_label_correct,True,,volume_discount_uncertain,1165711,,audit_amount_unresolved,,1,0
INV-H1-000516,held_aside,0,,review,review_label_correct,True,,service_match_unresolved,1969332,,audit_amount_unresolved,,1,0
INV-H1-000517,development,0,,review,review_label_correct,True,,volume_discount_uncertain,2876061,,audit_amount_unresolved,,1,0
INV-H1-000518,held_aside,0,,review,review_label_correct,True,,volume_discount_uncertain,2667704,,audit_amount_unresolved,,1,0
INV-H1-000519,development,0,,review,review_label_correct,True,,volume_discount_uncertain,5679452,,audit_amount_unresolved,,1,0
INV-H1-000520,development,0,,correct,true_negative,False,,,2528900,2528900,exact,0,1,0
INV-H1-000521,held_aside,0,,correct,true_negative,False,,,4813865,4813865,exact,0,1,0
INV-H1-000522,development,0,,review,review_label_correct,True,,service_match_unresolved,2625449,,audit_amount_unresolved,,1,0
INV-H1-000523,development,0,,correct,true_negative,False,,,1034967,1034967,exact,0,1,0
INV-H1-000524,development,0,,correct,true_negative,False,,,1006925,1006925,exact,0,1,0
INV-H1-000526,held_aside,0,,review,review_label_correct,True,,delivered_quantity_or_duplicate_identity_uncertain|retention_or_payable_quantity_requires_review,2853443,,audit_amount_unresolved,,1,0
INV-H1-000527,held_aside,0,,review,review_label_correct,True,,volume_discount_uncertain,3024760,,audit_amount_unresolved,,1,0
INV-H1-000528,development,0,,review,review_label_correct,True,,volume_discount_uncertain,1888595,,audit_amount_unresolved,,1,0
INV-H1-000529,development,0,,review,review_label_correct,True,,service_match_unresolved,4992173,,audit_amount_unresolved,,1,0
INV-H1-000530,development,0,,correct,true_negative,False,,,3123234,3123234,exact,0,1,0
INV-H1-000531,development,0,,correct,true_negative,False,,,1439690,1439690,exact,0,1,0
INV-H1-000532,development,0,,correct,true_negative,False,,,3725016,3725016,exact,0,1,0
INV-H1-000533,development,0,,correct,true_negative,False,,,3678930,3678930,exact,0,1,0
INV-H1-000534,development,0,,correct,true_negative,False,,,483200,483200,exact,0,1,0
INV-H1-000535,development,0,,correct,true_negative,False,,,1985850,1985850,exact,0,1,0
INV-H1-000536,development,0,,review,review_label_correct,True,,service_match_unresolved,1528310,,audit_amount_unresolved,,1,0
INV-H1-000537,development,0,,correct,true_negative,False,,,1414988,1414988,exact,0,1,0
INV-H1-000538,development,0,,correct,true_negative,False,,,1508111,1508111,exact,0,1,0
INV-H1-000539,development,0,,correct,true_negative,False,,,1673975,1673975,exact,0,1,0
INV-H1-000540,development,0,,review,review_label_correct,True,,service_match_unresolved,4232124,,audit_amount_unresolved,,1,0
INV-H1-000541,development,0,,correct,true_negative,False,,,4089849,4089849,exact,0,1,0
INV-H1-000542,held_aside,0,,correct,true_negative,False,,,4335500,4335500,exact,0,1,0
INV-H1-000543,development,0,,review,review_label_correct,True,,service_match_unresolved,4428745,,audit_amount_unresolved,,1,0
INV-H1-000544,development,0,,review,review_label_correct,True,,service_match_unresolved,3185449,,audit_amount_unresolved,,1,0
INV-H1-000545,development,0,,correct,true_negative,False,,,1743882,1743882,exact,0,1,0
INV-H1-000546,development,0,,review,review_label_correct,True,,volume_discount_uncertain,2672776,,audit_amount_unresolved,,1,0
INV-H1-000547,development,0,,review,review_label_correct,True,,service_match_unresolved,2102654,,audit_amount_unresolved,,1,0
INV-H1-000548,development,1,duplicate_invoice_id|exclusion_window_violation,erroneous,true_positive,True,invoice_arithmetic|invoice_identifier|record_join|service_date,bundle_eligibility_uncertain|delivered_quantity_or_duplicate_identity_uncertain|exclusion_presence_uncertain|invalid_date_payability_requires_review|invoice_identifier_join_ambiguous|missing_or_ambiguous_invoice_join|missing_patient_context|premium_eligibility_uncertain|retention_or_payable_quantity_requires_review|service_match_unresolved,1954965,,audit_amount_unresolved,,2,0
INV-H1-000549,held_aside,0,,review,review_label_correct,True,,delivered_quantity_or_duplicate_identity_uncertain|retention_or_payable_quantity_requires_review|service_match_unresolved,4857904,,audit_amount_unresolved,,1,0
INV-H1-000550,development,0,,review,review_label_correct,True,,volume_discount_uncertain,4311642,,audit_amount_unresolved,,1,0
INV-H1-000551,development,0,,review,review_label_correct,True,,service_match_unresolved,4689193,,audit_amount_unresolved,,1,0
INV-H1-000552,development,1,line_total_arithmetic|malformed_service_date|wrong_unit_basis,erroneous,true_positive,True,line_amount|line_arithmetic|service_date|unit_basis,contract_quantity_unknown_due_to_unit_mismatch|delivered_quantity_or_duplicate_identity_uncertain|invalid_date_payability_requires_review|retention_or_payable_quantity_requires_review,2787842,,audit_amount_unresolved,,1,0
INV-H1-000553,held_aside,0,,review,review_label_correct,True,,volume_discount_uncertain,3545592,,audit_amount_unresolved,,1,0
INV-H1-000554,development,0,,review,review_label_correct,True,,volume_discount_uncertain,2363230,,audit_amount_unresolved,,1,0
INV-H1-000555,development,0,,review,review_label_correct,True,,service_match_unresolved,3150657,,audit_amount_unresolved,,1,0
INV-H1-000556,development,0,,review,review_label_correct,True,,service_match_unresolved,5367737,,audit_amount_unresolved,,1,0
INV-H1-000557,development,0,,correct,true_negative,False,,,2381206,2381206,exact,0,1,0
INV-H1-000558,held_aside,0,,correct,true_negative,False,,,3257504,3257504,exact,0,1,0
INV-H1-000559,held_aside,0,,correct,true_negative,False,,,871783,871783,exact,0,1,0
INV-H1-000560,development,0,,correct,true_negative,False,,,4343939,4343939,exact,0,1,0
INV-H1-000561,development,0,,correct,true_negative,False,,,1946700,1946700,exact,0,1,0
INV-H1-000562,held_aside,0,,review,review_label_correct,True,,service_match_unresolved,2391200,,audit_amount_unresolved,,1,0
INV-H1-000563,development,0,,review,review_label_correct,True,,service_match_unresolved,3402555,,audit_amount_unresolved,,1,0
INV-H1-000564,held_aside,0,,review,review_label_correct,True,,service_match_unresolved,3763741,,audit_amount_unresolved,,1,0
INV-H1-000565,development,0,,review,review_label_correct,True,,service_match_unresolved|volume_discount_uncertain,3445946,,audit_amount_unresolved,,1,0
INV-H1-000566,development,0,,correct,true_negative,False,,,2069575,2069575,exact,0,1,0
INV-H1-000567,development,0,,review,review_label_correct,True,,service_match_unresolved,1279830,,audit_amount_unresolved,,1,0
INV-H1-000568,development,0,,correct,true_negative,False,,,1385815,1385815,exact,0,1,0
INV-H1-000569,development,0,,review,review_label_correct,True,,service_match_unresolved,1566465,,audit_amount_unresolved,,1,0
INV-H1-000570,development,0,,review,review_label_correct,True,,service_match_unresolved,1249225,,audit_amount_unresolved,,1,0
INV-H1-000571,development,1,line_total_arithmetic|unknown_service,erroneous,true_positive,True,line_arithmetic,delivered_quantity_or_duplicate_identity_uncertain|exclusion_presence_uncertain|retention_or_payable_quantity_requires_review|service_match_unresolved,1534690,,audit_amount_unresolved,,1,0
INV-H1-000572,development,0,,correct,true_negative,False,,,1345050,1345050,exact,0,1,0
INV-H1-000573,development,0,,correct,true_negative,False,,,4519958,4519958,exact,0,1,0
INV-H1-000574,development,0,,correct,true_negative,False,,,525025,525025,exact,0,1,0
INV-H1-000575,development,0,,correct,true_negative,False,,,3019350,3019350,exact,0,1,0
INV-H1-000576,development,0,,review,review_label_correct,True,,volume_discount_uncertain,6857285,,audit_amount_unresolved,,1,0
INV-H1-000577,development,0,,correct,true_negative,False,,,1738976,1738976,exact,0,1,0
INV-H1-000578,development,0,,correct,true_negative,False,,,1106125,1106125,exact,0,1,0
INV-H1-000579,development,0,,correct,true_negative,False,,,1017624,1017624,exact,0,1,0
INV-H1-000580,development,0,,review,review_label_correct,True,,volume_discount_uncertain,3088095,,audit_amount_unresolved,,1,0
INV-H1-000581,held_aside,0,,correct,true_negative,False,,,420920,420920,exact,0,1,0
INV-H1-000582,held_aside,0,,correct,true_negative,False,,,3845079,3845079,exact,0,1,0
INV-H1-000583,held_aside,0,,review,review_label_correct,True,,volume_discount_uncertain,2362365,,audit_amount_unresolved,,1,0
INV-H1-000584,development,0,,review,review_label_correct,True,,volume_discount_uncertain,4140383,,audit_amount_unresolved,,1,0
INV-H1-000585,held_aside,0,,review,review_label_correct,True,,volume_discount_uncertain,2558633,,audit_amount_unresolved,,1,0
INV-H1-000586,development,0,,correct,true_negative,False,,,3849719,3849719,exact,0,1,0
INV-H1-000587,development,0,,correct,true_negative,False,,,945025,945025,exact,0,1,0
INV-H1-000588,development,0,,correct,true_negative,False,,,2671035,2671035,exact,0,1,0
INV-H1-000589,development,0,,review,review_label_correct,True,,volume_discount_uncertain,2579685,,audit_amount_unresolved,,1,0
INV-H1-000590,development,0,,review,review_label_correct,True,,service_match_unresolved,1505787,,audit_amount_unresolved,,1,0
INV-H1-000591,development,0,,review,review_label_correct,True,,volume_discount_uncertain,1075770,,audit_amount_unresolved,,1,0
INV-H1-000592,held_aside,0,,correct,true_negative,False,,,3109557,3109557,exact,0,1,0
INV-H1-000593,development,0,,review,review_label_correct,True,,service_match_unresolved,5590229,,audit_amount_unresolved,,1,0
INV-H1-000594,development,0,,review,review_label_correct,True,,service_match_unresolved,4793514,,audit_amount_unresolved,,1,0
INV-H1-000595,development,0,,correct,true_negative,False,,,1158720,1158720,exact,0,1,0
INV-H1-000596,development,0,,review,review_label_correct,True,,volume_discount_uncertain,3523860,,audit_amount_unresolved,,1,0
INV-H1-000597,development,0,,review,review_label_correct,True,,delivered_quantity_or_duplicate_identity_uncertain|retention_or_payable_quantity_requires_review|volume_discount_uncertain,2187710,,audit_amount_unresolved,,1,0
INV-H1-000598,development,0,,review,review_label_correct,True,,volume_discount_uncertain,1846199,,audit_amount_unresolved,,1,0
INV-H1-000599,development,0,,correct,true_negative,False,,,1920921,1920921,exact,0,1,0
INV-H1-000600,held_aside,0,,review,review_label_correct,True,,exclusion_presence_uncertain|retention_or_payable_quantity_requires_review,1088500,,audit_amount_unresolved,,1,0
INV-H1-000602,held_aside,0,,correct,true_negative,False,,,3950832,3950832,exact,0,1,0
INV-H1-000603,development,0,,review,review_label_correct,True,,delivered_quantity_or_duplicate_identity_uncertain|retention_or_payable_quantity_requires_review|service_match_unresolved,2135713,,audit_amount_unresolved,,1,0
INV-H1-000604,development,0,,review,review_label_correct,True,,volume_discount_uncertain,3441942,,audit_amount_unresolved,,1,0
INV-H1-000605,held_aside,0,,correct,true_negative,False,,,3888554,3888554,exact,0,1,0
INV-H1-000606,held_aside,0,,review,review_label_correct,True,,exclusion_presence_uncertain|retention_or_payable_quantity_requires_review|volume_discount_uncertain,1176485,,audit_amount_unresolved,,1,0
INV-H1-000607,development,0,,review,review_label_correct,True,,exclusion_presence_uncertain|retention_or_payable_quantity_requires_review,5830363,,audit_amount_unresolved,,1,0
INV-H1-000608,development,0,,review,review_label_correct,True,,volume_discount_uncertain,3565158,,audit_amount_unresolved,,1,0
INV-H1-000609,development,0,,correct,true_negative,False,,,1484300,1484300,exact,0,1,0
INV-H1-000610,development,0,,review,review_label_correct,True,,volume_discount_uncertain,2375985,,audit_amount_unresolved,,1,0
INV-H1-000611,held_aside,0,,review,review_label_correct,True,,volume_discount_uncertain,3590888,,audit_amount_unresolved,,1,0
INV-H1-000612,held_aside,0,,correct,true_negative,False,,,3505097,3505097,exact,0,1,0
INV-H1-000613,development,0,,review,review_label_correct,True,,volume_discount_uncertain,1626034,,audit_amount_unresolved,,1,0
INV-H1-000614,development,0,,review,review_label_correct,True,,exclusion_presence_uncertain|retention_or_payable_quantity_requires_review|service_match_unresolved,1460940,,audit_amount_unresolved,,1,0
INV-H1-000615,development,0,,review,review_label_correct,True,,volume_discount_uncertain,2801128,,audit_amount_unresolved,,1,0
INV-H1-000616,development,0,,review,review_label_correct,True,,service_match_unresolved,5748500,,audit_amount_unresolved,,1,0
INV-H1-000617,held_aside,0,,correct,true_negative,False,,,2600735,2600735,exact,0,1,0
INV-H1-000618,development,0,,correct,true_negative,False,,,1400204,1400204,exact,0,1,0
INV-H1-000619,development,1,premium_omitted,erroneous,true_positive,True,line_amount|unit_price,service_match_unresolved,4668583,,audit_amount_unresolved,,1,0
INV-H1-000620,development,0,,correct,true_negative,False,,,7140902,7140902,exact,0,1,0
INV-H1-000621,development,0,,review,review_label_correct,True,,exclusion_presence_uncertain|retention_or_payable_quantity_requires_review,2708396,,audit_amount_unresolved,,1,0
INV-H1-000622,held_aside,0,,correct,true_negative,False,,,1015412,1015412,exact,0,1,0
INV-H1-000623,development,0,,correct,true_negative,False,,,663475,663475,exact,0,1,0
INV-H1-000624,development,0,,correct,true_negative,False,,,1860624,1860624,exact,0,1,0
INV-H1-000625,held_aside,0,,correct,true_negative,False,,,4725499,4725499,exact,0,1,0
INV-H1-000626,development,0,,review,review_label_correct,True,,service_match_unresolved,4994700,,audit_amount_unresolved,,1,0
INV-H1-000627,development,0,,review,review_label_correct,True,,volume_discount_uncertain,2863080,,audit_amount_unresolved,,1,0
INV-H1-000628,development,0,,correct,true_negative,False,,,4203380,4203380,exact,0,1,0
INV-H1-000629,development,1,contract_number_mismatch,erroneous,true_positive,False,contract_number,,3852708,3852708,exact,0,1,0
INV-H1-000630,development,0,,correct,true_negative,False,,,2093686,2093686,exact,0,1,0
INV-H1-000631,development,0,,correct,true_negative,False,,,1118472,1118472,exact,0,1,0
INV-H1-000632,development,0,,correct,true_negative,False,,,2340620,2340620,exact,0,1,0
INV-H1-000633,development,0,,review,review_label_correct,True,,service_match_unresolved,2240596,,audit_amount_unresolved,,1,0
INV-H1-000634,development,0,,review,review_label_correct,True,,service_match_unresolved,2457120,,audit_amount_unresolved,,1,0
INV-H1-000635,held_aside,1,unit_price_mismatch|wrong_unit_basis,erroneous,true_positive,True,line_amount|unit_basis|unit_price,contract_quantity_unknown_due_to_unit_mismatch|delivered_quantity_or_duplicate_identity_uncertain|retention_or_payable_quantity_requires_review,1820675,,audit_amount_unresolved,,1,0
INV-H1-000636,development,0,,correct,true_negative,False,,,2374500,2374500,exact,0,1,0
INV-H1-000637,development,0,,review,review_label_correct,True,,service_match_unresolved,3005350,,audit_amount_unresolved,,1,0
INV-H1-000638,development,0,,correct,true_negative,False,,,1080593,1080593,exact,0,1,0
INV-H1-000639,development,0,,review,review_label_correct,True,,delivered_quantity_or_duplicate_identity_uncertain|retention_or_payable_quantity_requires_review|service_match_unresolved,1582634,,audit_amount_unresolved,,1,0
INV-H1-000640,development,0,,correct,true_negative,False,,,3547303,3547303,exact,0,1,0
INV-H1-000641,development,0,,review,review_label_correct,True,,service_match_unresolved,3930631,,audit_amount_unresolved,,1,0
INV-H1-000642,development,0,,correct,true_negative,False,,,4331980,4331980,exact,0,1,0
INV-H1-000643,development,0,,correct,true_negative,False,,,4148836,4148836,exact,0,1,0
INV-H1-000644,development,0,,correct,true_negative,False,,,2695347,2695347,exact,0,1,0
INV-H1-000645,development,0,,correct,true_negative,False,,,1936535,1936535,exact,0,1,0
INV-H1-000646,development,1,exclusion_window_violation|premium_incorrectly_applied|unit_price_mismatch,erroneous,true_positive,False,exclusion_window|invoice_amount|line_amount|unit_price,,2974340,2974340,exact,0,1,0
INV-H1-000647,development,0,,correct,true_negative,False,,,2769575,2769575,exact,0,1,0
INV-H1-000648,development,0,,correct,true_negative,False,,,2171482,2171482,exact,0,1,0
INV-H1-000649,development,0,,correct,true_negative,False,,,2071024,2071024,exact,0,1,0
INV-H1-000650,development,1,malformed_service_date,erroneous,true_positive,True,service_date,delivered_quantity_or_duplicate_identity_uncertain|invalid_date_payability_requires_review|retention_or_payable_quantity_requires_review,1706534,,audit_amount_unresolved,,1,0
INV-H1-000651,development,0,,correct,true_negative,False,,,2851295,2851295,exact,0,1,0
INV-H1-000652,development,0,,correct,true_negative,False,,,1919263,1919263,exact,0,1,0
INV-H1-000653,development,0,,correct,true_negative,False,,,3441128,3441128,exact,0,1,0
INV-H1-000654,development,0,,review,review_label_correct,True,,service_match_unresolved,4721388,,audit_amount_unresolved,,1,0
INV-H1-000655,development,0,,review,review_label_correct,True,,service_match_unresolved,5073640,,audit_amount_unresolved,,1,0
INV-H1-000656,development,0,,correct,true_negative,False,,,3242574,3242574,exact,0,1,0
INV-H1-000657,held_aside,1,wrong_unit_basis,review,review_label_erroneous,True,,service_match_unresolved,4217639,,audit_amount_unresolved,,1,0
INV-H1-000658,development,0,,review,review_label_correct,True,,service_match_unresolved,1292375,,audit_amount_unresolved,,1,0
INV-H1-000659,development,1,bundle_not_applied|service_date_out_of_window,erroneous,true_positive,True,line_amount|service_date|unit_price,invalid_date_payability_requires_review|retention_or_payable_quantity_requires_review,3593985,,audit_amount_unresolved,,1,0
INV-H1-000660,development,0,,review,review_label_correct,True,,service_match_unresolved,735150,,audit_amount_unresolved,,1,0
INV-H1-000661,development,0,,review,review_label_correct,True,,service_match_unresolved,4771130,,audit_amount_unresolved,,1,0
INV-H1-000662,held_aside,0,,correct,true_negative,False,,,3776025,3776025,exact,0,1,0
INV-H1-000663,held_aside,0,,correct,true_negative,False,,,1212782,1212782,exact,0,1,0
INV-H1-000664,held_aside,0,,correct,true_negative,False,,,1051575,1051575,exact,0,1,0
INV-H1-000665,development,0,,correct,true_negative,False,,,3905115,3905115,exact,0,1,0
INV-H1-000666,development,0,,correct,true_negative,False,,,3597600,3597600,exact,0,1,0
INV-H1-000667,held_aside,1,unknown_service,review,review_label_erroneous,True,,delivered_quantity_or_duplicate_identity_uncertain|retention_or_payable_quantity_requires_review|service_match_unresolved,2053255,,audit_amount_unresolved,,1,0
INV-H1-000668,held_aside,0,,review,review_label_correct,True,,service_match_unresolved,3732703,,audit_amount_unresolved,,1,0
INV-H1-000669,development,0,,review,review_label_correct,True,,service_match_unresolved,4004804,,audit_amount_unresolved,,1,0
INV-H1-000670,development,0,,review,review_label_correct,True,,delivered_quantity_or_duplicate_identity_uncertain|retention_or_payable_quantity_requires_review|service_match_unresolved,4556525,,audit_amount_unresolved,,1,0
INV-H1-000671,held_aside,0,,correct,true_negative,False,,,3243888,3243888,exact,0,1,0
INV-H1-000672,development,0,,correct,true_negative,False,,,2842325,2842325,exact,0,1,0
INV-H1-000673,development,0,,correct,true_negative,False,,,2680725,2680725,exact,0,1,0
INV-H1-000674,held_aside,1,service_date_after_invoice_date,erroneous,true_positive,True,service_date,invalid_date_payability_requires_review|retention_or_payable_quantity_requires_review,2416832,,audit_amount_unresolved,,1,0
INV-H1-000675,development,1,cross_invoice_duplicate|unit_price_mismatch,erroneous,true_positive,False,duplicate_billing|invoice_amount|line_amount|unit_price,,1302105,1302105,exact,0,1,0
INV-H1-000676,development,0,,correct,true_negative,False,,,4806734,4806734,exact,0,1,0
INV-H1-000677,development,1,cross_invoice_duplicate|unit_price_mismatch|wrong_unit_basis,erroneous,true_positive,True,duplicate_billing|line_amount|unit_basis|unit_price,contract_quantity_unknown_due_to_unit_mismatch|delivered_quantity_or_duplicate_identity_uncertain|retention_or_payable_quantity_requires_review,4656053,,audit_amount_unresolved,,1,0
INV-H1-000678,held_aside,0,,review,review_label_correct,True,,delivered_quantity_or_duplicate_identity_uncertain|premium_eligibility_uncertain|retention_or_payable_quantity_requires_review|service_match_unresolved,2165049,,audit_amount_unresolved,,1,0
INV-H1-000679,development,0,,correct,true_negative,False,,,2367163,2367163,exact,0,1,0
INV-H1-000680,held_aside,0,,review,review_label_correct,True,,service_match_unresolved,2942216,,audit_amount_unresolved,,1,0
INV-H1-000681,development,0,,correct,true_negative,False,,,2649415,2649415,exact,0,1,0
INV-H1-000682,held_aside,0,,correct,true_negative,False,,,1825648,1825648,exact,0,1,0
INV-H1-000683,held_aside,0,,review,review_label_correct,True,,service_match_unresolved,1895344,,audit_amount_unresolved,,1,0
INV-H1-000684,development,0,,review,review_label_correct,True,,service_match_unresolved,3797998,,audit_amount_unresolved,,1,0
INV-H1-000685,held_aside,0,,correct,true_negative,False,,,1934580,1934580,exact,0,1,0
INV-H1-000686,development,0,,correct,true_negative,False,,,2965003,2965003,exact,0,1,0
INV-H1-000687,development,0,,review,review_label_correct,True,,service_match_unresolved,2005410,,audit_amount_unresolved,,1,0
INV-H1-000688,development,0,,correct,true_negative,False,,,2320550,2320550,exact,0,1,0
INV-H1-000689,development,0,,correct,true_negative,False,,,1039568,1039568,exact,0,1,0
INV-H1-000690,held_aside,0,,correct,true_negative,False,,,2820307,2820307,exact,0,1,0
INV-H1-000691,development,0,,correct,true_negative,False,,,3328275,3328275,exact,0,1,0
INV-H1-000692,held_aside,0,,review,review_label_correct,True,,service_match_unresolved,3912118,,audit_amount_unresolved,,1,0
INV-H1-000693,development,0,,correct,true_negative,False,,,3469593,3469593,exact,0,1,0
INV-H1-000694,held_aside,0,,review,review_label_correct,True,,service_match_unresolved,838345,,audit_amount_unresolved,,1,0
INV-H1-000695,development,0,,correct,true_negative,False,,,1738208,1738208,exact,0,1,0
INV-H1-000696,held_aside,0,,correct,true_negative,False,,,2209233,2209233,exact,0,1,0
INV-H1-000697,development,0,,correct,true_negative,False,,,4420451,4420451,exact,0,1,0
INV-H1-000698,development,0,,correct,true_negative,False,,,3421145,3421145,exact,0,1,0
INV-H1-000699,development,0,,correct,true_negative,False,,,3027125,3027125,exact,0,1,0
INV-H1-000700,held_aside,0,,review,review_label_correct,True,,service_match_unresolved,1084251,,audit_amount_unresolved,,1,0
INV-H1-000701,development,0,,review,review_label_correct,True,,service_match_unresolved,729214,,audit_amount_unresolved,,1,0
INV-H1-000702,held_aside,0,,correct,true_negative,False,,,4360605,4360605,exact,0,1,0
INV-H1-000703,development,1,line_total_arithmetic|wrong_unit_basis,erroneous,true_positive,True,line_amount|line_arithmetic|unit_basis,contract_quantity_unknown_due_to_unit_mismatch|delivered_quantity_or_duplicate_identity_uncertain|retention_or_payable_quantity_requires_review,1084453,,audit_amount_unresolved,,1,0
INV-H1-000704,development,0,,correct,true_negative,False,,,3733390,3733390,exact,0,1,0
INV-H1-000705,held_aside,0,,correct,true_negative,False,,,904483,904483,exact,0,1,0
INV-H1-000706,development,0,,correct,true_negative,False,,,1987700,1987700,exact,0,1,0
INV-H1-000707,held_aside,0,,correct,true_negative,False,,,1936925,1936925,exact,0,1,0
INV-H1-000708,held_aside,0,,correct,true_negative,False,,,2353606,2353606,exact,0,1,0
INV-H1-000709,development,0,,review,review_label_correct,True,,service_match_unresolved,3532926,,audit_amount_unresolved,,1,0
INV-H1-000710,development,0,,review,review_label_correct,True,,service_match_unresolved,3650814,,audit_amount_unresolved,,1,0
INV-H1-000711,development,0,,review,review_label_correct,True,,service_match_unresolved,2413074,,audit_amount_unresolved,,1,0
INV-H1-000712,held_aside,0,,review,review_label_correct,True,,service_match_unresolved,3858120,,audit_amount_unresolved,,1,0
INV-H1-000713,development,0,,correct,true_negative,False,,,2411518,2411518,exact,0,1,0
INV-H1-000714,held_aside,0,,review,review_label_correct,True,,service_match_unresolved,1644350,,audit_amount_unresolved,,1,0
INV-H1-000715,development,0,,correct,true_negative,False,,,970020,970020,exact,0,1,0
INV-H1-000716,development,0,,correct,true_negative,False,,,1749386,1749386,exact,0,1,0
INV-H1-000717,development,1,wrong_unit_basis,erroneous,true_positive,True,unit_basis,contract_quantity_unknown_due_to_unit_mismatch|delivered_quantity_or_duplicate_identity_uncertain|retention_or_payable_quantity_requires_review,2651162,,audit_amount_unresolved,,1,0
INV-H1-000718,development,0,,correct,true_negative,False,,,783025,783025,exact,0,1,0
INV-H1-000719,development,0,,correct,true_negative,False,,,845310,845310,exact,0,1,0
INV-H1-000720,development,0,,correct,true_negative,False,,,3139824,3139824,exact,0,1,0
INV-H1-000721,development,0,,correct,true_negative,False,,,1292690,1292690,exact,0,1,0
INV-H1-000722,development,0,,correct,true_negative,False,,,1594886,1594886,exact,0,1,0
INV-H1-000723,held_aside,0,,correct,true_negative,False,,,1427400,1427400,exact,0,1,0
INV-H1-000724,development,0,,correct,true_negative,False,,,2600041,2600041,exact,0,1,0
INV-H1-000725,development,1,daily_cap_exceeded,erroneous,true_positive,True,daily_cap|line_amount,service_match_unresolved,1624750,,audit_amount_unresolved,,1,0
INV-H1-000726,held_aside,0,,review,review_label_correct,True,,service_match_unresolved,5002126,,audit_amount_unresolved,,1,0
INV-H1-000727,development,0,,review,review_label_correct,True,,service_match_unresolved,2700630,,audit_amount_unresolved,,1,0
INV-H1-000728,development,0,,review,review_label_correct,True,,service_match_unresolved,3622993,,audit_amount_unresolved,,1,0
INV-H1-000729,held_aside,0,,correct,true_negative,False,,,3644405,3644405,exact,0,1,0
INV-H1-000730,development,0,,correct,true_negative,False,,,1178920,1178920,exact,0,1,0
INV-H1-000731,development,0,,correct,true_negative,False,,,1744546,1744546,exact,0,1,0
INV-H1-000732,development,0,,review,review_label_correct,True,,service_match_unresolved,4161065,,audit_amount_unresolved,,1,0
INV-H1-000733,development,0,,correct,true_negative,False,,,4090367,4090367,exact,0,1,0
INV-H1-000734,development,0,,correct,true_negative,False,,,2489815,2489815,exact,0,1,0
INV-H1-000735,held_aside,0,,correct,true_negative,False,,,1067857,1067857,exact,0,1,0
INV-H1-000736,development,0,,review,review_label_correct,True,,service_match_unresolved,2087322,,audit_amount_unresolved,,1,0
INV-H1-000737,development,0,,correct,true_negative,False,,,2828108,2828108,exact,0,1,0
INV-H1-000738,development,0,,correct,true_negative,False,,,1219150,1219150,exact,0,1,0
INV-H1-000739,development,0,,review,review_label_correct,True,,service_match_unresolved,3794864,,audit_amount_unresolved,,1,0
INV-H1-000740,development,0,,correct,true_negative,False,,,3197252,3197252,exact,0,1,0
INV-H1-000741,development,0,,correct,true_negative,False,,,1896825,1896825,exact,0,1,0
INV-H1-000742,development,0,,correct,true_negative,False,,,1375129,1375129,exact,0,1,0
INV-H1-000743,development,0,,correct,true_negative,False,,,1134176,1134176,exact,0,1,0
INV-H1-000744,held_aside,0,,correct,true_negative,False,,,3569096,3569096,exact,0,1,0
INV-H1-000745,development,0,,correct,true_negative,False,,,2158353,2158353,exact,0,1,0
INV-H1-000746,held_aside,0,,correct,true_negative,False,,,2466869,2466869,exact,0,1,0
INV-H1-000747,development,0,,correct,true_negative,False,,,5741085,5741085,exact,0,1,0
INV-H1-000748,held_aside,1,service_date_after_invoice_date|service_date_out_of_window,erroneous,true_positive,True,service_date,invalid_date_payability_requires_review|retention_or_payable_quantity_requires_review,5359331,,audit_amount_unresolved,,1,0
INV-H1-000749,development,0,,review,review_label_correct,True,,service_match_unresolved,3031243,,audit_amount_unresolved,,1,0
INV-H1-000750,development,0,,review,review_label_correct,True,,service_match_unresolved,2648724,,audit_amount_unresolved,,1,0
INV-H1-000751,development,0,,review,review_label_correct,True,,service_match_unresolved,4360656,,audit_amount_unresolved,,1,0
INV-H1-000752,held_aside,0,,correct,true_negative,False,,,1357904,1357904,exact,0,1,0
INV-H1-000753,development,0,,correct,true_negative,False,,,1630750,1630750,exact,0,1,0
INV-H1-000754,development,0,,review,review_label_correct,True,,service_match_unresolved,2153329,,audit_amount_unresolved,,1,0
INV-H1-000755,development,0,,correct,true_negative,False,,,833600,833600,exact,0,1,0
INV-H1-000756,development,0,,correct,true_negative,False,,,2783615,2783615,exact,0,1,0
INV-H1-000757,development,0,,correct,true_negative,False,,,3577253,3577253,exact,0,1,0
INV-H1-000758,development,0,,correct,true_negative,False,,,2229604,2229604,exact,0,1,0
INV-H1-000759,development,0,,correct,true_negative,False,,,2822035,2822035,exact,0,1,0
INV-H1-000760,held_aside,0,,review,review_label_correct,True,,service_match_unresolved,2064095,,audit_amount_unresolved,,1,0
INV-H1-000761,development,0,,review,review_label_correct,True,,service_match_unresolved,3353665,,audit_amount_unresolved,,1,0
INV-H1-000762,development,0,,review,review_label_correct,True,,service_match_unresolved,1748571,,audit_amount_unresolved,,1,0
INV-H1-000763,development,0,,review,review_label_correct,True,,service_match_unresolved,5571890,,audit_amount_unresolved,,1,0
INV-H1-000764,development,0,,correct,true_negative,False,,,3477914,3477914,exact,0,1,0
INV-H1-000765,development,0,,correct,true_negative,False,,,3794865,3794865,exact,0,1,0
INV-H1-000766,held_aside,0,,correct,true_negative,False,,,1177997,1177997,exact,0,1,0
INV-H1-000767,development,0,,review,review_label_correct,True,,delivered_quantity_or_duplicate_identity_uncertain|retention_or_payable_quantity_requires_review|service_match_unresolved,4651455,,audit_amount_unresolved,,1,0
INV-H1-000768,development,0,,correct,true_negative,False,,,2781754,2781754,exact,0,1,0
INV-H1-000769,development,0,,correct,true_negative,False,,,1679020,1679020,exact,0,1,0
INV-H1-000770,development,0,,review,review_label_correct,True,,service_match_unresolved,2038506,,audit_amount_unresolved,,1,0
INV-H1-000771,held_aside,0,,correct,true_negative,False,,,5299935,5299935,exact,0,1,0
INV-H1-000772,development,0,,correct,true_negative,False,,,3805854,3805854,exact,0,1,0
INV-H1-000773,development,0,,correct,true_negative,False,,,2458809,2458809,exact,0,1,0
INV-H1-000774,development,0,,correct,true_negative,False,,,1415218,1415218,exact,0,1,0
INV-H1-000775,development,0,,correct,true_negative,False,,,3401339,3401339,exact,0,1,0
INV-H1-000776,development,0,,review,review_label_correct,True,,service_match_unresolved,3071675,,audit_amount_unresolved,,1,0
INV-H1-000777,development,0,,correct,true_negative,False,,,2429769,2429769,exact,0,1,0
INV-H1-000778,development,0,,review,review_label_correct,True,,service_match_unresolved,2156416,,audit_amount_unresolved,,1,0
INV-H1-000779,development,0,,review,review_label_correct,True,,service_match_unresolved,628982,,audit_amount_unresolved,,1,0
INV-H1-000780,development,0,,correct,true_negative,False,,,2770225,2770225,exact,0,1,0
INV-H1-000781,development,0,,review,review_label_correct,True,,service_match_unresolved,3681874,,audit_amount_unresolved,,1,0
INV-H1-000782,development,0,,correct,true_negative,False,,,2323407,2323407,exact,0,1,0
INV-H1-000783,development,0,,correct,true_negative,False,,,642675,642675,exact,0,1,0
INV-H1-000784,development,0,,correct,true_negative,False,,,2218255,2218255,exact,0,1,0
INV-H1-000785,development,0,,correct,true_negative,False,,,1849775,1849775,exact,0,1,0
INV-H1-000786,development,0,,correct,true_negative,False,,,2993000,2993000,exact,0,1,0
INV-H1-000787,development,0,,correct,true_negative,False,,,2059029,2059029,exact,0,1,0
INV-H1-000788,development,0,,correct,true_negative,False,,,1059825,1059825,exact,0,1,0
INV-H1-000789,held_aside,0,,correct,true_negative,False,,,2758680,2758680,exact,0,1,0
INV-H1-000790,held_aside,0,,correct,true_negative,False,,,2404480,2404480,exact,0,1,0
INV-H1-000791,held_aside,0,,review,review_label_correct,True,,service_match_unresolved,3490975,,audit_amount_unresolved,,1,0
INV-H1-000792,development,0,,review,review_label_correct,True,,service_match_unresolved,3294373,,audit_amount_unresolved,,1,0
INV-H1-000793,development,0,,correct,true_negative,False,,,4245835,4245835,exact,0,1,0
INV-H1-000794,development,0,,review,review_label_correct,True,,service_match_unresolved,2065304,,audit_amount_unresolved,,1,0
INV-H1-000795,development,0,,correct,true_negative,False,,,2554725,2554725,exact,0,1,0
INV-H1-000796,development,0,,correct,true_negative,False,,,4969812,4969812,exact,0,1,0
INV-H1-000797,development,0,,review,review_label_correct,True,,service_match_unresolved,3501930,,audit_amount_unresolved,,1,0
INV-H1-000798,development,0,,review,review_label_correct,True,,service_match_unresolved,2549162,,audit_amount_unresolved,,1,0
INV-H1-000799,held_aside,0,,correct,true_negative,False,,,2070577,2070577,exact,0,1,0
INV-H1-000800,development,0,,correct,true_negative,False,,,6020653,6020653,exact,0,1,0
INV-H1-000801,held_aside,0,,correct,true_negative,False,,,1984773,1984773,exact,0,1,0
INV-H1-000802,development,0,,correct,true_negative,False,,,3487115,3487115,exact,0,1,0
INV-H1-000803,held_aside,0,,review,review_label_correct,True,,service_match_unresolved,1401701,,audit_amount_unresolved,,1,0
INV-H1-000804,development,0,,correct,true_negative,False,,,3265145,3265145,exact,0,1,0
INV-H1-000805,development,0,,correct,true_negative,False,,,2615344,2615344,exact,0,1,0
INV-H1-000806,development,0,,correct,true_negative,False,,,3064055,3064055,exact,0,1,0
INV-H1-000807,development,0,,correct,true_negative,False,,,1638523,1638523,exact,0,1,0
INV-H1-000808,held_aside,0,,review,review_label_correct,True,,service_match_unresolved,3689488,,audit_amount_unresolved,,1,0
INV-H1-000809,development,0,,correct,true_negative,False,,,3454991,3454991,exact,0,1,0
INV-H1-000810,development,0,,correct,true_negative,False,,,2165925,2165925,exact,0,1,0
INV-H1-000811,development,1,unknown_service|volume_discount_omitted,erroneous,true_positive,True,line_amount|unit_price,delivered_quantity_or_duplicate_identity_uncertain|retention_or_payable_quantity_requires_review|service_match_unresolved,3629745,,audit_amount_unresolved,,1,0
INV-H1-000812,development,0,,correct,true_negative,False,,,1387250,1387250,exact,0,1,0
INV-H1-000813,development,0,,correct,true_negative,False,,,3977875,3977875,exact,0,1,0
INV-H1-000814,development,0,,correct,true_negative,False,,,1543045,1543045,exact,0,1,0
INV-H1-000815,development,0,,correct,true_negative,False,,,3088264,3088264,exact,0,1,0
INV-H1-000816,held_aside,0,,review,review_label_correct,True,,delivered_quantity_or_duplicate_identity_uncertain|retention_or_payable_quantity_requires_review|service_match_unresolved,3836485,,audit_amount_unresolved,,1,0
INV-H1-000817,development,0,,review,review_label_correct,True,,service_match_unresolved,4033379,,audit_amount_unresolved,,1,0
INV-H1-000818,held_aside,0,,correct,true_negative,False,,,3887630,3887630,exact,0,1,0
INV-H1-000819,development,0,,correct,true_negative,False,,,981038,981038,exact,0,1,0
INV-H1-000820,development,1,invoice_total_mismatch|volume_discount_omitted,erroneous,true_positive,False,invoice_amount|invoice_arithmetic|line_amount|unit_price,,2850137,2850137,exact,0,1,0
INV-H1-000821,development,0,,review,review_label_correct,True,,service_match_unresolved,3330606,,audit_amount_unresolved,,1,0
INV-H1-000822,development,0,,correct,true_negative,False,,,1267835,1267835,exact,0,1,0
INV-H1-000823,development,0,,correct,true_negative,False,,,1875655,1875655,exact,0,1,0
INV-H1-000824,development,0,,correct,true_negative,False,,,2221734,2221734,exact,0,1,0
INV-H1-000825,development,0,,correct,true_negative,False,,,3468479,3468479,exact,0,1,0
INV-H1-000826,development,0,,review,review_label_correct,True,,service_match_unresolved,2789238,,audit_amount_unresolved,,1,0
INV-H1-000827,development,0,,correct,true_negative,False,,,3298041,3298041,exact,0,1,0
INV-H1-000828,development,0,,correct,true_negative,False,,,3108983,3108983,exact,0,1,0
INV-H1-000829,development,0,,correct,true_negative,False,,,3151440,3151440,exact,0,1,0
INV-H1-000830,development,0,,review,review_label_correct,True,,service_match_unresolved,1775270,,audit_amount_unresolved,,1,0
INV-H1-000831,development,0,,correct,true_negative,False,,,2070440,2070440,exact,0,1,0
INV-H1-000832,development,0,,correct,true_negative,False,,,4095085,4095085,exact,0,1,0
INV-H1-000833,development,0,,correct,true_negative,False,,,1669100,1669100,exact,0,1,0
INV-H1-000834,development,0,,correct,true_negative,False,,,1031797,1031797,exact,0,1,0
INV-H1-000835,held_aside,0,,correct,true_negative,False,,,2718965,2718965,exact,0,1,0
INV-H1-000836,development,0,,correct,true_negative,False,,,3025568,3025568,exact,0,1,0
INV-H1-000837,development,0,,correct,true_negative,False,,,1216911,1216911,exact,0,1,0
INV-H1-000838,development,0,,correct,true_negative,False,,,2223931,2223931,exact,0,1,0
INV-H1-000839,development,0,,correct,true_negative,False,,,4664610,4664610,exact,0,1,0
INV-H1-000840,development,0,,correct,true_negative,False,,,4454870,4454870,exact,0,1,0
INV-H1-000841,development,0,,correct,true_negative,False,,,4617910,4617910,exact,0,1,0
INV-H1-000842,development,0,,review,review_label_correct,True,,service_match_unresolved,2138594,,audit_amount_unresolved,,1,0
INV-H1-000843,development,0,,correct,true_negative,False,,,1086850,1086850,exact,0,1,0
INV-H1-000844,development,0,,correct,true_negative,False,,,663386,663386,exact,0,1,0
INV-H1-000845,held_aside,0,,correct,true_negative,False,,,3290314,3290314,exact,0,1,0
INV-H1-000846,development,0,,review,review_label_correct,True,,service_match_unresolved,2399363,,audit_amount_unresolved,,1,0
INV-H1-000847,development,1,exclusion_window_violation|wrong_unit_basis,erroneous,true_positive,True,exclusion_window|line_amount|unit_basis,bundle_eligibility_uncertain|contract_quantity_unknown_due_to_unit_mismatch|delivered_quantity_or_duplicate_identity_uncertain|retention_or_payable_quantity_requires_review,3960600,,audit_amount_unresolved,,1,0
INV-H1-000848,held_aside,0,,correct,true_negative,False,,,3271454,3271454,exact,0,1,0
INV-H1-000849,held_aside,0,,correct,true_negative,False,,,3927848,3927848,exact,0,1,0
INV-H1-000850,development,0,,correct,true_negative,False,,,5287691,5287691,exact,0,1,0
INV-H1-000851,development,0,,review,review_label_correct,True,,service_match_unresolved,2950556,,audit_amount_unresolved,,1,0
INV-H1-000852,held_aside,1,cross_invoice_duplicate|service_date_out_of_window,erroneous,true_positive,True,duplicate_billing|line_amount|service_date,invalid_date_payability_requires_review|retention_or_payable_quantity_requires_review,2145525,,audit_amount_unresolved,,1,0
INV-H1-000853,development,0,,correct,true_negative,False,,,1939273,1939273,exact,0,1,0
INV-H1-000854,development,0,,correct,true_negative,False,,,3361815,3361815,exact,0,1,0
INV-H1-000855,development,0,,review,review_label_correct,True,,service_match_unresolved,2836990,,audit_amount_unresolved,,1,0
INV-H1-000856,development,0,,correct,true_negative,False,,,860340,860340,exact,0,1,0
INV-H1-000857,development,0,,correct,true_negative,False,,,2300235,2300235,exact,0,1,0
INV-H1-000858,development,0,,correct,true_negative,False,,,2163860,2163860,exact,0,1,0
INV-H1-000859,development,0,,correct,true_negative,False,,,775725,775725,exact,0,1,0
INV-H1-000860,held_aside,0,,correct,true_negative,False,,,4432235,4432235,exact,0,1,0
INV-H1-000861,development,0,,correct,true_negative,False,,,2483775,2483775,exact,0,1,0
INV-H1-000862,development,0,,correct,true_negative,False,,,1902331,1902331,exact,0,1,0
INV-H1-000863,development,0,,review,review_label_correct,True,,service_match_unresolved,2812468,,audit_amount_unresolved,,1,0
INV-H1-000864,development,0,,correct,true_negative,False,,,5563320,5563320,exact,0,1,0
INV-H1-000865,development,0,,correct,true_negative,False,,,3607964,3607964,exact,0,1,0
INV-H1-000866,development,0,,review,review_label_correct,True,,service_match_unresolved,1655250,,audit_amount_unresolved,,1,0
INV-H1-000867,held_aside,0,,correct,true_negative,False,,,5888095,5888095,exact,0,1,0
INV-H1-000868,development,0,,review,review_label_correct,True,,service_match_unresolved,3802873,,audit_amount_unresolved,,1,0
INV-H1-000869,development,0,,review,review_label_correct,True,,service_match_unresolved,3752925,,audit_amount_unresolved,,1,0
INV-H1-000870,development,0,,review,review_label_correct,True,,service_match_unresolved,745450,,audit_amount_unresolved,,1,0
INV-H1-000871,held_aside,0,,review,review_label_correct,True,,service_match_unresolved,2663757,,audit_amount_unresolved,,1,0
INV-H1-000872,development,0,,correct,true_negative,False,,,1783506,1783506,exact,0,1,0
INV-H1-000873,development,1,bundle_not_applied|contract_number_mismatch,erroneous,true_positive,False,contract_number|invoice_amount|line_amount|unit_price,,1606768,1606768,exact,0,1,0
INV-H1-000874,development,0,,correct,true_negative,False,,,4914354,4914354,exact,0,1,0
INV-H1-000875,development,0,,correct,true_negative,False,,,1851716,1851716,exact,0,1,0
INV-H1-000876,development,0,,review,review_label_correct,True,,service_match_unresolved,2290880,,audit_amount_unresolved,,1,0
INV-H1-000877,development,0,,correct,true_negative,False,,,1831050,1831050,exact,0,1,0
INV-H1-000878,development,0,,correct,true_negative,False,,,465023,465023,exact,0,1,0
INV-H1-000879,development,0,,correct,true_negative,False,,,1409079,1409079,exact,0,1,0
INV-H1-000880,development,0,,correct,true_negative,False,,,1781344,1781344,exact,0,1,0
INV-H1-000881,development,0,,correct,true_negative,False,,,4549164,4549164,exact,0,1,0
INV-H1-000882,development,0,,correct,true_negative,False,,,4953447,4953447,exact,0,1,0
INV-H1-000883,development,0,,correct,true_negative,False,,,6169030,6169030,exact,0,1,0
INV-H1-000884,development,0,,review,review_label_correct,True,,service_match_unresolved,3351299,,audit_amount_unresolved,,1,0
INV-H1-000885,development,0,,correct,true_negative,False,,,1260530,1260530,exact,0,1,0
INV-H1-000886,development,0,,correct,true_negative,False,,,1208930,1208930,exact,0,1,0
INV-H1-000887,development,0,,correct,true_negative,False,,,561050,561050,exact,0,1,0
INV-H1-000888,held_aside,0,,review,review_label_correct,True,,service_match_unresolved,3334135,,audit_amount_unresolved,,1,0
INV-H1-000889,development,0,,correct,true_negative,False,,,1408665,1408665,exact,0,1,0
INV-H1-000890,development,0,,correct,true_negative,False,,,1368317,1368317,exact,0,1,0
INV-H1-000891,held_aside,0,,correct,true_negative,False,,,902350,902350,exact,0,1,0
INV-H1-000892,development,0,,correct,true_negative,False,,,1028425,1028425,exact,0,1,0
INV-H1-000893,development,0,,correct,true_negative,False,,,2692710,2692710,exact,0,1,0
INV-H1-000894,development,0,,correct,true_negative,False,,,1531372,1531372,exact,0,1,0
INV-H1-000895,development,0,,review,review_label_correct,True,,service_match_unresolved,3643338,,audit_amount_unresolved,,1,0
INV-H1-000896,development,0,,correct,true_negative,False,,,2917920,2917920,exact,0,1,0
INV-H1-000897,development,0,,correct,true_negative,False,,,2344075,2344075,exact,0,1,0
INV-H1-000898,development,0,,correct,true_negative,False,,,2237689,2237689,exact,0,1,0
INV-H1-000899,development,0,,review,review_label_correct,True,,service_match_unresolved,2339046,,audit_amount_unresolved,,1,0
INV-H1-000900,development,0,,correct,true_negative,False,,,4565783,4565783,exact,0,1,0
INV-H1-000901,development,0,,correct,true_negative,False,,,3226125,3226125,exact,0,1,0
INV-H1-000902,development,0,,correct,true_negative,False,,,2514158,2514158,exact,0,1,0
INV-H1-000903,held_aside,0,,review,review_label_correct,True,,service_match_unresolved,4385784,,audit_amount_unresolved,,1,0
INV-H1-000904,development,0,,correct,true_negative,False,,,2011695,2011695,exact,0,1,0
INV-H1-000905,development,0,,review,review_label_correct,True,,service_match_unresolved,1939939,,audit_amount_unresolved,,1,0
INV-H1-000906,development,0,,correct,true_negative,False,,,857575,857575,exact,0,1,0
INV-H1-000907,development,0,,correct,true_negative,False,,,1270625,1270625,exact,0,1,0
INV-H1-000908,development,0,,correct,true_negative,False,,,3268266,3268266,exact,0,1,0
INV-H1-000909,development,0,,correct,true_negative,False,,,1333831,1333831,exact,0,1,0
INV-H1-000910,held_aside,0,,correct,true_negative,False,,,3954572,3954572,exact,0,1,0
INV-H1-000911,development,0,,correct,true_negative,False,,,1781766,1781766,exact,0,1,0
INV-H1-000912,development,0,,review,review_label_correct,True,,service_match_unresolved,3012993,,audit_amount_unresolved,,1,0
INV-H1-000913,held_aside,0,,correct,true_negative,False,,,1484675,1484675,exact,0,1,0
INV-H1-000914,development,0,,review,review_label_correct,True,,service_match_unresolved,6185689,,audit_amount_unresolved,,1,0
INV-H1-000915,development,0,,review,review_label_correct,True,,service_match_unresolved,1610819,,audit_amount_unresolved,,1,0
INV-H1-000916,development,0,,correct,true_negative,False,,,2434972,2434972,exact,0,1,0
INV-H1-000917,development,0,,correct,true_negative,False,,,2843717,2843717,exact,0,1,0
INV-H1-000918,held_aside,0,,correct,true_negative,False,,,2565249,2565249,exact,0,1,0
