invoice_id,invoice_record_index,decision,known_violation,reasons,hospital_id
INV-H2-000005,5,review,False,bundle_eligibility_uncertain|expected_total_unknown|service_match_unresolved,H2
INV-H2-000006,6,review,False,expected_total_unknown|service_match_unresolved,H2
INV-H2-000007,7,erroneous,True,contract_quantity_unknown_due_to_unit_mismatch|delivered_quantity_or_duplicate_identity_uncertain|duplicate_correction_not_approved_for_hospital|expected_total_unknown|invalid_date_payability_requires_review|retention_or_payable_quantity_requires_review,H2
INV-H2-000013,13,erroneous,True,expected_total_unknown|invalid_date_payability_requires_review|retention_or_payable_quantity_requires_review,H2
INV-H2-000018,18,review,False,expected_total_unknown|service_match_unresolved,H2
INV-H2-000021,21,review,False,bundle_eligibility_uncertain|expected_total_unknown|service_match_unresolved,H2
INV-H2-000022,22,review,False,expected_total_unknown|service_match_unresolved,H2
INV-H2-000025,25,review,False,expected_total_unknown|service_match_unresolved,H2
INV-H2-000028,28,review,False,expected_total_unknown|service_match_unresolved,H2
INV-H2-000032,32,review,False,delivered_quantity_or_duplicate_identity_uncertain|expected_total_unknown|retention_or_payable_quantity_requires_review|service_match_unresolved,H2
INV-H2-000035,35,review,False,expected_total_unknown|volume_discount_uncertain,H2
INV-H2-000038,38,review,False,contractual_dual_unit_unresolved|expected_total_unknown|service_match_unresolved,H2
INV-H2-000040,40,review,False,contractual_dual_unit_unresolved|expected_total_unknown|service_match_unresolved,H2
INV-H2-000041,41,review,False,expected_total_unknown|service_match_unresolved,H2
INV-H2-000042,42,review,False,bundle_eligibility_uncertain|contractual_dual_unit_unresolved|expected_total_unknown|service_match_unresolved,H2
INV-H2-000043,43,review,False,expected_total_unknown|volume_discount_uncertain,H2
INV-H2-000044,44,review,False,expected_total_unknown|volume_discount_uncertain,H2
INV-H2-000045,45,erroneous,True,expected_total_unknown|service_match_unresolved|volume_discount_uncertain,H2
INV-H2-000046,46,review,False,contractual_dual_unit_unresolved|expected_total_unknown|service_match_unresolved|volume_discount_uncertain,H2
INV-H2-000047,47,review,False,contractual_dual_unit_unresolved|exclusion_presence_uncertain|expected_total_unknown|retention_or_payable_quantity_requires_review|service_match_unresolved,H2
INV-H2-000048,48,review,False,exclusion_presence_uncertain|expected_total_unknown|retention_or_payable_quantity_requires_review,H2
INV-H2-000051,51,review,False,delivered_quantity_or_duplicate_identity_uncertain|expected_total_unknown|retention_or_payable_quantity_requires_review|service_match_unresolved,H2
INV-H2-000052,52,review,False,expected_total_unknown|volume_discount_uncertain,H2
INV-H2-000053,53,review,False,contractual_dual_unit_unresolved|delivered_quantity_or_duplicate_identity_uncertain|expected_total_unknown|retention_or_payable_quantity_requires_review|service_match_unresolved,H2
INV-H2-000054,54,erroneous,True,delivered_quantity_or_duplicate_identity_uncertain|exclusion_presence_uncertain|expected_total_unknown|invalid_date_payability_requires_review|invoice_identifier_join_ambiguous|missing_or_ambiguous_invoice_join|missing_patient_context|nonunique_invoice_id|premium_eligibility_uncertain|retention_or_payable_quantity_requires_review|volume_discount_uncertain,H2
INV-H2-000054,98,erroneous,True,delivered_quantity_or_duplicate_identity_uncertain|exclusion_presence_uncertain|expected_total_unknown|invalid_date_payability_requires_review|invoice_identifier_join_ambiguous|missing_or_ambiguous_invoice_join|missing_patient_context|nonunique_invoice_id|premium_eligibility_uncertain|retention_or_payable_quantity_requires_review|volume_discount_uncertain,H2
INV-H2-000055,55,review,False,delivered_quantity_or_duplicate_identity_uncertain|expected_total_unknown|retention_or_payable_quantity_requires_review|service_match_unresolved|volume_discount_uncertain,H2
INV-H2-000056,56,review,False,delivered_quantity_or_duplicate_identity_uncertain|expected_total_unknown|retention_or_payable_quantity_requires_review,H2
INV-H2-000057,57,review,False,expected_total_unknown|volume_discount_uncertain,H2
INV-H2-000058,58,review,False,bundle_eligibility_uncertain|delivered_quantity_or_duplicate_identity_uncertain|exclusion_presence_uncertain|expected_total_unknown|retention_or_payable_quantity_requires_review|service_match_unresolved|volume_discount_uncertain,H2
INV-H2-000060,60,review,False,expected_total_unknown|volume_discount_uncertain,H2
INV-H2-000061,61,review,False,expected_total_unknown|volume_discount_uncertain,H2
INV-H2-000062,62,review,False,delivered_quantity_or_duplicate_identity_uncertain|exclusion_presence_uncertain|expected_total_unknown|retention_or_payable_quantity_requires_review|service_match_unresolved|volume_discount_uncertain,H2
INV-H2-000063,63,review,False,expected_total_unknown|service_match_unresolved|volume_discount_uncertain,H2
INV-H2-000064,64,review,False,expected_total_unknown|volume_discount_uncertain,H2
INV-H2-000066,66,review,False,expected_total_unknown|volume_discount_uncertain,H2
INV-H2-000067,67,review,False,bundle_eligibility_uncertain|expected_total_unknown|service_match_unresolved,H2
INV-H2-000068,68,review,False,expected_total_unknown|volume_discount_uncertain,H2
INV-H2-000070,70,review,False,expected_total_unknown|volume_discount_uncertain,H2
INV-H2-000071,71,review,False,contractual_dual_unit_unresolved|expected_total_unknown|service_match_unresolved|volume_discount_uncertain,H2
INV-H2-000072,72,review,False,delivered_quantity_or_duplicate_identity_uncertain|expected_total_unknown|retention_or_payable_quantity_requires_review|service_match_unresolved,H2
INV-H2-000073,73,review,False,contractual_dual_unit_unresolved|expected_total_unknown|service_match_unresolved|volume_discount_uncertain,H2
INV-H2-000074,74,review,False,contractual_dual_unit_unresolved|expected_total_unknown|service_match_unresolved|volume_discount_uncertain,H2
INV-H2-000075,75,review,False,expected_total_unknown|volume_discount_uncertain,H2
INV-H2-000076,76,review,False,expected_total_unknown|service_match_unresolved|volume_discount_uncertain,H2
INV-H2-000077,77,review,False,delivered_quantity_or_duplicate_identity_uncertain|expected_total_unknown|retention_or_payable_quantity_requires_review|volume_discount_uncertain,H2
INV-H2-000078,78,erroneous,True,delivered_quantity_or_duplicate_identity_uncertain|expected_total_unknown|invalid_date_payability_requires_review|invoice_identifier_join_ambiguous|missing_or_ambiguous_invoice_join|missing_patient_context|nonunique_invoice_id|premium_eligibility_uncertain|retention_or_payable_quantity_requires_review|service_match_unresolved|volume_discount_uncertain,H2
INV-H2-000078,572,erroneous,True,delivered_quantity_or_duplicate_identity_uncertain|expected_total_unknown|invalid_date_payability_requires_review|invoice_identifier_join_ambiguous|missing_or_ambiguous_invoice_join|missing_patient_context|nonunique_invoice_id|premium_eligibility_uncertain|retention_or_payable_quantity_requires_review|service_match_unresolved|volume_discount_uncertain,H2
INV-H2-000080,80,review,False,expected_total_unknown|volume_discount_uncertain,H2
INV-H2-000081,81,review,False,contractual_dual_unit_unresolved|expected_total_unknown|service_match_unresolved|volume_discount_uncertain,H2
INV-H2-000082,82,review,False,contractual_dual_unit_unresolved|expected_total_unknown|service_match_unresolved|volume_discount_uncertain,H2
INV-H2-000083,83,review,False,expected_total_unknown|service_match_unresolved|volume_discount_uncertain,H2
INV-H2-000084,84,review,False,expected_total_unknown|volume_discount_uncertain,H2
INV-H2-000085,85,review,False,expected_total_unknown|volume_discount_uncertain,H2
INV-H2-000086,86,review,False,expected_total_unknown|volume_discount_uncertain,H2
INV-H2-000087,87,review,False,expected_total_unknown|volume_discount_uncertain,H2
INV-H2-000088,88,review,False,delivered_quantity_or_duplicate_identity_uncertain|expected_total_unknown|retention_or_payable_quantity_requires_review|volume_discount_uncertain,H2
INV-H2-000089,89,review,False,expected_total_unknown|volume_discount_uncertain,H2
INV-H2-000090,90,review,False,expected_total_unknown|service_match_unresolved|volume_discount_uncertain,H2
INV-H2-000092,92,review,False,expected_total_unknown|volume_discount_uncertain,H2
INV-H2-000093,93,review,False,expected_total_unknown|volume_discount_uncertain,H2
INV-H2-000094,94,review,False,contractual_dual_unit_unresolved|expected_total_unknown|service_match_unresolved|volume_discount_uncertain,H2
INV-H2-000095,95,review,False,contractual_dual_unit_unresolved|expected_total_unknown|service_match_unresolved|volume_discount_uncertain,H2
INV-H2-000096,96,review,False,expected_total_unknown|volume_discount_uncertain,H2
INV-H2-000099,99,review,False,expected_total_unknown|volume_discount_uncertain,H2
INV-H2-000100,100,review,False,expected_total_unknown|volume_discount_uncertain,H2
INV-H2-000101,101,review,False,delivered_quantity_or_duplicate_identity_uncertain|expected_total_unknown|retention_or_payable_quantity_requires_review|volume_discount_uncertain,H2
INV-H2-000103,103,review,False,expected_total_unknown|service_match_unresolved|volume_discount_uncertain,H2
INV-H2-000104,104,erroneous,True,bundle_eligibility_uncertain|delivered_quantity_or_duplicate_identity_uncertain|exclusion_presence_uncertain|expected_total_unknown|invalid_date_payability_requires_review|invoice_identifier_join_ambiguous|missing_or_ambiguous_invoice_join|missing_patient_context|nonunique_invoice_id|premium_eligibility_uncertain|retention_or_payable_quantity_requires_review|service_match_unresolved,H2
INV-H2-000104,497,erroneous,True,bundle_eligibility_uncertain|delivered_quantity_or_duplicate_identity_uncertain|exclusion_presence_uncertain|expected_total_unknown|invalid_date_payability_requires_review|invoice_identifier_join_ambiguous|missing_or_ambiguous_invoice_join|missing_patient_context|nonunique_invoice_id|premium_eligibility_uncertain|retention_or_payable_quantity_requires_review|service_match_unresolved,H2
INV-H2-000105,105,review,False,bundle_eligibility_uncertain|contractual_dual_unit_unresolved|delivered_quantity_or_duplicate_identity_uncertain|expected_total_unknown|retention_or_payable_quantity_requires_review|service_match_unresolved|volume_discount_uncertain,H2
INV-H2-000106,106,review,False,expected_total_unknown|service_match_unresolved,H2
INV-H2-000107,107,review,False,expected_total_unknown|service_match_unresolved|volume_discount_uncertain,H2
INV-H2-000108,108,review,False,duplicate_correction_not_approved_for_hospital|expected_total_unknown|volume_discount_uncertain,H2
INV-H2-000109,109,review,False,contractual_dual_unit_unresolved|expected_total_unknown|service_match_unresolved|volume_discount_uncertain,H2
INV-H2-000110,110,review,False,contractual_dual_unit_unresolved|expected_total_unknown|service_match_unresolved|volume_discount_uncertain,H2
INV-H2-000111,111,review,False,expected_total_unknown|volume_discount_uncertain,H2
INV-H2-000112,112,review,False,expected_total_unknown|volume_discount_uncertain,H2
INV-H2-000113,113,review,False,expected_total_unknown|volume_discount_uncertain,H2
INV-H2-000114,114,review,False,duplicate_correction_not_approved_for_hospital|expected_total_unknown|volume_discount_uncertain,H2
INV-H2-000115,115,review,False,expected_total_unknown|volume_discount_uncertain,H2
INV-H2-000116,116,review,False,expected_total_unknown|volume_discount_uncertain,H2
INV-H2-000117,117,review,False,expected_total_unknown|service_match_unresolved|volume_discount_uncertain,H2
INV-H2-000118,118,review,False,contractual_dual_unit_unresolved|expected_total_unknown|service_match_unresolved,H2
INV-H2-000119,119,review,False,expected_total_unknown|volume_discount_uncertain,H2
INV-H2-000121,121,review,False,expected_total_unknown|service_match_unresolved,H2
INV-H2-000122,122,review,False,expected_total_unknown|volume_discount_uncertain,H2
INV-H2-000123,123,review,False,expected_total_unknown|service_match_unresolved,H2
INV-H2-000124,124,review,False,expected_total_unknown|volume_discount_uncertain,H2
INV-H2-000125,125,review,False,delivered_quantity_or_duplicate_identity_uncertain|expected_total_unknown|retention_or_payable_quantity_requires_review|service_match_unresolved|volume_discount_uncertain,H2
INV-H2-000127,127,review,False,expected_total_unknown|volume_discount_uncertain,H2
INV-H2-000128,128,review,False,expected_total_unknown|volume_discount_uncertain,H2
INV-H2-000129,129,review,False,expected_total_unknown|volume_discount_uncertain,H2
INV-H2-000130,130,review,False,expected_total_unknown|service_match_unresolved,H2
INV-H2-000131,131,review,False,contractual_dual_unit_unresolved|expected_total_unknown|service_match_unresolved,H2
INV-H2-000132,132,review,False,expected_total_unknown|volume_discount_uncertain,H2
INV-H2-000134,134,review,False,expected_total_unknown|volume_discount_uncertain,H2
INV-H2-000136,136,review,False,contractual_dual_unit_unresolved|expected_total_unknown|service_match_unresolved|volume_discount_uncertain,H2
INV-H2-000137,137,review,False,expected_total_unknown|volume_discount_uncertain,H2
INV-H2-000138,138,review,False,bundle_eligibility_uncertain|expected_total_unknown|service_match_unresolved|volume_discount_uncertain,H2
INV-H2-000141,141,review,False,expected_total_unknown|volume_discount_uncertain,H2
INV-H2-000142,142,review,False,expected_total_unknown|service_match_unresolved|volume_discount_uncertain,H2
INV-H2-000143,143,review,False,expected_total_unknown|volume_discount_uncertain,H2
INV-H2-000144,144,erroneous,True,expected_total_unknown|service_match_unresolved|volume_discount_uncertain,H2
INV-H2-000146,146,review,False,expected_total_unknown|volume_discount_uncertain,H2
INV-H2-000147,147,erroneous,True,contractual_dual_unit_unresolved|delivered_quantity_or_duplicate_identity_uncertain|expected_total_unknown|invalid_date_payability_requires_review|invoice_identifier_join_ambiguous|missing_or_ambiguous_invoice_join|missing_patient_context|nonunique_invoice_id|premium_eligibility_uncertain|retention_or_payable_quantity_requires_review|service_match_unresolved|volume_discount_uncertain,H2
INV-H2-000147,612,erroneous,True,contractual_dual_unit_unresolved|delivered_quantity_or_duplicate_identity_uncertain|expected_total_unknown|invalid_date_payability_requires_review|invoice_identifier_join_ambiguous|missing_or_ambiguous_invoice_join|missing_patient_context|nonunique_invoice_id|premium_eligibility_uncertain|retention_or_payable_quantity_requires_review|service_match_unresolved|volume_discount_uncertain,H2
INV-H2-000148,148,review,False,expected_total_unknown|volume_discount_uncertain,H2
INV-H2-000149,149,review,False,expected_total_unknown|volume_discount_uncertain,H2
INV-H2-000150,150,erroneous,True,contract_quantity_unknown_due_to_unit_mismatch|delivered_quantity_or_duplicate_identity_uncertain|expected_total_unknown|invalid_date_payability_requires_review|retention_or_payable_quantity_requires_review,H2
INV-H2-000151,151,review,False,delivered_quantity_or_duplicate_identity_uncertain|expected_total_unknown|retention_or_payable_quantity_requires_review|service_match_unresolved|volume_discount_uncertain,H2
INV-H2-000152,152,review,False,expected_total_unknown|service_match_unresolved|volume_discount_uncertain,H2
INV-H2-000153,153,review,False,expected_total_unknown|volume_discount_uncertain,H2
INV-H2-000154,154,review,False,contractual_dual_unit_unresolved|expected_total_unknown|service_match_unresolved|volume_discount_uncertain,H2
INV-H2-000155,155,review,False,expected_total_unknown|volume_discount_uncertain,H2
INV-H2-000156,156,review,False,expected_total_unknown|volume_discount_uncertain,H2
INV-H2-000157,157,review,False,expected_total_unknown|volume_discount_uncertain,H2
INV-H2-000159,159,review,False,expected_total_unknown|service_match_unresolved,H2
INV-H2-000160,160,review,False,expected_total_unknown|volume_discount_uncertain,H2
INV-H2-000161,161,review,False,expected_total_unknown|service_match_unresolved|volume_discount_uncertain,H2
INV-H2-000163,163,review,False,contractual_dual_unit_unresolved|expected_total_unknown|service_match_unresolved|volume_discount_uncertain,H2
INV-H2-000164,164,review,False,bundle_eligibility_uncertain|expected_total_unknown|service_match_unresolved|volume_discount_uncertain,H2
INV-H2-000165,165,review,False,expected_total_unknown|volume_discount_uncertain,H2
INV-H2-000166,166,review,False,expected_total_unknown|volume_discount_uncertain,H2
INV-H2-000167,167,review,False,expected_total_unknown|volume_discount_uncertain,H2
INV-H2-000168,168,review,False,expected_total_unknown|service_match_unresolved|volume_discount_uncertain,H2
INV-H2-000169,169,review,False,expected_total_unknown|volume_discount_uncertain,H2
INV-H2-000170,170,review,False,expected_total_unknown|service_match_unresolved,H2
INV-H2-000171,171,erroneous,True,expected_total_unknown|service_match_unresolved|volume_discount_uncertain,H2
INV-H2-000172,172,review,False,expected_total_unknown|service_match_unresolved|volume_discount_uncertain,H2
INV-H2-000173,173,review,False,expected_total_unknown|volume_discount_uncertain,H2
INV-H2-000175,175,review,False,expected_total_unknown|volume_discount_uncertain,H2
INV-H2-000176,176,erroneous,True,bundle_eligibility_uncertain|expected_total_unknown|service_match_unresolved,H2
INV-H2-000177,177,review,False,expected_total_unknown|service_match_unresolved|volume_discount_uncertain,H2
INV-H2-000179,179,review,False,contractual_dual_unit_unresolved|expected_total_unknown|service_match_unresolved|volume_discount_uncertain,H2
INV-H2-000180,180,review,False,expected_total_unknown|volume_discount_uncertain,H2
INV-H2-000181,181,review,False,expected_total_unknown|service_match_unresolved,H2
INV-H2-000183,183,erroneous,True,cap_actual_quantity_unknown|expected_total_unknown,H2
INV-H2-000184,184,review,False,bundle_eligibility_uncertain|expected_total_unknown|service_match_unresolved|volume_discount_uncertain,H2
INV-H2-000185,185,review,False,expected_total_unknown|volume_discount_uncertain,H2
INV-H2-000186,186,review,False,contractual_dual_unit_unresolved|expected_total_unknown|service_match_unresolved,H2
INV-H2-000187,187,review,False,expected_total_unknown|volume_discount_uncertain,H2
INV-H2-000188,188,review,False,expected_total_unknown|volume_discount_uncertain,H2
INV-H2-000189,189,review,False,expected_total_unknown|volume_discount_uncertain,H2
INV-H2-000190,190,review,False,delivered_quantity_or_duplicate_identity_uncertain|expected_total_unknown|premium_eligibility_uncertain|retention_or_payable_quantity_requires_review|service_match_unresolved|volume_discount_uncertain,H2
INV-H2-000191,191,review,False,contractual_dual_unit_unresolved|delivered_quantity_or_duplicate_identity_uncertain|expected_total_unknown|retention_or_payable_quantity_requires_review|service_match_unresolved,H2
INV-H2-000192,192,review,False,expected_total_unknown|service_match_unresolved|volume_discount_uncertain,H2
INV-H2-000193,193,review,False,contractual_dual_unit_unresolved|expected_total_unknown|service_match_unresolved,H2
INV-H2-000194,194,review,False,expected_total_unknown|service_match_unresolved|volume_discount_uncertain,H2
INV-H2-000195,195,review,False,delivered_quantity_or_duplicate_identity_uncertain|expected_total_unknown|premium_eligibility_uncertain|retention_or_payable_quantity_requires_review,H2
INV-H2-000196,196,review,False,expected_total_unknown|service_match_unresolved|volume_discount_uncertain,H2
INV-H2-000197,197,erroneous,True,delivered_quantity_or_duplicate_identity_uncertain|exclusion_presence_uncertain|expected_total_unknown|invalid_date_payability_requires_review|invoice_identifier_join_ambiguous|missing_or_ambiguous_invoice_join|missing_patient_context|nonunique_invoice_id|premium_eligibility_uncertain|retention_or_payable_quantity_requires_review|service_match_unresolved|volume_discount_uncertain,H2
INV-H2-000197,1035,erroneous,True,delivered_quantity_or_duplicate_identity_uncertain|exclusion_presence_uncertain|expected_total_unknown|invalid_date_payability_requires_review|invoice_identifier_join_ambiguous|missing_or_ambiguous_invoice_join|missing_patient_context|nonunique_invoice_id|premium_eligibility_uncertain|retention_or_payable_quantity_requires_review|service_match_unresolved|volume_discount_uncertain,H2
INV-H2-000198,198,review,False,delivered_quantity_or_duplicate_identity_uncertain|expected_total_unknown|retention_or_payable_quantity_requires_review,H2
INV-H2-000199,199,review,False,expected_total_unknown|volume_discount_uncertain,H2
INV-H2-000200,200,review,False,contractual_dual_unit_unresolved|expected_total_unknown|service_match_unresolved|volume_discount_uncertain,H2
INV-H2-000201,201,review,False,delivered_quantity_or_duplicate_identity_uncertain|expected_total_unknown|retention_or_payable_quantity_requires_review|service_match_unresolved,H2
INV-H2-000202,202,review,False,delivered_quantity_or_duplicate_identity_uncertain|duplicate_correction_not_approved_for_hospital|expected_total_unknown|retention_or_payable_quantity_requires_review,H2
INV-H2-000203,203,review,False,contractual_dual_unit_unresolved|expected_total_unknown|service_match_unresolved,H2
INV-H2-000204,204,review,False,delivered_quantity_or_duplicate_identity_uncertain|expected_total_unknown|retention_or_payable_quantity_requires_review|service_match_unresolved,H2
INV-H2-000205,205,review,False,delivered_quantity_or_duplicate_identity_uncertain|expected_total_unknown|retention_or_payable_quantity_requires_review|service_match_unresolved|volume_discount_uncertain,H2
INV-H2-000206,206,review,False,contractual_dual_unit_unresolved|expected_total_unknown|service_match_unresolved,H2
INV-H2-000207,207,review,False,expected_total_unknown|volume_discount_uncertain,H2
INV-H2-000208,208,review,False,bundle_eligibility_uncertain|contractual_dual_unit_unresolved|expected_total_unknown|service_match_unresolved|volume_discount_uncertain,H2
INV-H2-000209,209,erroneous,True,expected_total_unknown|invalid_date_payability_requires_review|retention_or_payable_quantity_requires_review|service_match_unresolved,H2
INV-H2-000210,210,review,False,bundle_eligibility_uncertain|expected_total_unknown|service_match_unresolved,H2
INV-H2-000211,211,review,False,expected_total_unknown|volume_discount_uncertain,H2
INV-H2-000212,212,review,False,expected_total_unknown|volume_discount_uncertain,H2
INV-H2-000213,213,review,False,expected_total_unknown|service_match_unresolved,H2
INV-H2-000215,215,review,False,expected_total_unknown|service_match_unresolved|volume_discount_uncertain,H2
INV-H2-000216,216,review,False,expected_total_unknown|service_match_unresolved,H2
INV-H2-000217,217,review,False,expected_total_unknown|service_match_unresolved|volume_discount_uncertain,H2
INV-H2-000218,218,review,False,bundle_eligibility_uncertain|contractual_dual_unit_unresolved|expected_total_unknown|service_match_unresolved|volume_discount_uncertain,H2
INV-H2-000219,219,review,False,contractual_dual_unit_unresolved|expected_total_unknown|service_match_unresolved|volume_discount_uncertain,H2
INV-H2-000221,221,review,False,expected_total_unknown|volume_discount_uncertain,H2
INV-H2-000223,223,review,False,expected_total_unknown|volume_discount_uncertain,H2
INV-H2-000225,225,review,False,expected_total_unknown|service_match_unresolved|volume_discount_uncertain,H2
INV-H2-000226,226,review,False,expected_total_unknown|volume_discount_uncertain,H2
INV-H2-000227,227,erroneous,True,bundle_eligibility_uncertain|cap_actual_quantity_unknown|expected_total_unknown|service_match_unresolved|volume_discount_uncertain,H2
INV-H2-000228,228,review,False,bundle_eligibility_uncertain|expected_total_unknown|service_match_unresolved,H2
INV-H2-000229,229,review,False,expected_total_unknown|volume_discount_uncertain,H2
INV-H2-000230,230,review,False,expected_total_unknown|service_match_unresolved,H2
INV-H2-000231,231,review,False,contractual_dual_unit_unresolved|expected_total_unknown|service_match_unresolved,H2
INV-H2-000234,234,review,False,expected_total_unknown|service_match_unresolved|volume_discount_uncertain,H2
INV-H2-000237,237,review,False,duplicate_correction_not_approved_for_hospital|expected_total_unknown|service_match_unresolved|volume_discount_uncertain,H2
INV-H2-000238,238,erroneous,True,expected_total_unknown|service_match_unresolved|volume_discount_uncertain,H2
INV-H2-000240,240,review,False,expected_total_unknown|service_match_unresolved|volume_discount_uncertain,H2
INV-H2-000244,244,review,False,expected_total_unknown|volume_discount_uncertain,H2
INV-H2-000245,245,review,False,expected_total_unknown|volume_discount_uncertain,H2
INV-H2-000246,246,review,False,expected_total_unknown|service_match_unresolved,H2
INV-H2-000247,247,review,False,expected_total_unknown|service_match_unresolved|volume_discount_uncertain,H2
INV-H2-000248,248,erroneous,True,expected_total_unknown|invalid_date_payability_requires_review|retention_or_payable_quantity_requires_review,H2
INV-H2-000249,249,erroneous,True,delivered_quantity_or_duplicate_identity_uncertain|duplicate_correction_not_approved_for_hospital|exclusion_presence_uncertain|expected_total_unknown|premium_eligibility_uncertain|retention_or_payable_quantity_requires_review|service_match_unresolved,H2
INV-H2-000250,250,review,False,expected_total_unknown|service_match_unresolved|volume_discount_uncertain,H2
INV-H2-000252,252,review,False,expected_total_unknown|service_match_unresolved,H2
INV-H2-000253,253,review,False,contractual_dual_unit_unresolved|expected_total_unknown|service_match_unresolved|volume_discount_uncertain,H2
INV-H2-000254,254,review,False,expected_total_unknown|volume_discount_uncertain,H2
INV-H2-000255,255,review,False,expected_total_unknown|service_match_unresolved|volume_discount_uncertain,H2
INV-H2-000256,256,review,False,expected_total_unknown|volume_discount_uncertain,H2
INV-H2-000257,257,review,False,bundle_eligibility_uncertain|expected_total_unknown|service_match_unresolved,H2
INV-H2-000259,259,review,False,bundle_eligibility_uncertain|expected_total_unknown|service_match_unresolved,H2
INV-H2-000260,260,review,False,expected_total_unknown|volume_discount_uncertain,H2
INV-H2-000261,261,review,False,expected_total_unknown|service_match_unresolved,H2
INV-H2-000262,262,review,False,contractual_dual_unit_unresolved|expected_total_unknown|service_match_unresolved,H2
INV-H2-000263,263,review,False,expected_total_unknown|service_match_unresolved|volume_discount_uncertain,H2
INV-H2-000265,265,review,False,expected_total_unknown|service_match_unresolved,H2
INV-H2-000266,266,review,False,expected_total_unknown|service_match_unresolved|volume_discount_uncertain,H2
INV-H2-000267,267,review,False,expected_total_unknown|volume_discount_uncertain,H2
INV-H2-000269,269,review,False,expected_total_unknown|volume_discount_uncertain,H2
INV-H2-000270,270,review,False,expected_total_unknown|volume_discount_uncertain,H2
INV-H2-000271,271,review,False,expected_total_unknown|volume_discount_uncertain,H2
INV-H2-000272,272,review,False,expected_total_unknown|service_match_unresolved,H2
INV-H2-000273,273,review,False,contractual_dual_unit_unresolved|expected_total_unknown|service_match_unresolved|volume_discount_uncertain,H2
INV-H2-000275,275,review,False,expected_total_unknown|volume_discount_uncertain,H2
INV-H2-000277,277,review,False,expected_total_unknown|service_match_unresolved,H2
INV-H2-000278,278,review,False,expected_total_unknown|service_match_unresolved,H2
INV-H2-000279,279,review,False,exclusion_presence_uncertain|expected_total_unknown|retention_or_payable_quantity_requires_review,H2
INV-H2-000280,280,review,False,contractual_dual_unit_unresolved|expected_total_unknown|service_match_unresolved,H2
INV-H2-000283,283,review,False,expected_total_unknown|volume_discount_uncertain,H2
INV-H2-000284,284,review,False,contractual_dual_unit_unresolved|expected_total_unknown|service_match_unresolved,H2
INV-H2-000285,285,review,False,expected_total_unknown|service_match_unresolved|volume_discount_uncertain,H2
INV-H2-000287,287,review,False,delivered_quantity_or_duplicate_identity_uncertain|expected_total_unknown|retention_or_payable_quantity_requires_review,H2
INV-H2-000288,288,review,False,duplicate_correction_not_approved_for_hospital|expected_total_unknown,H2
INV-H2-000289,289,review,False,contractual_dual_unit_unresolved|exclusion_presence_uncertain|expected_total_unknown|retention_or_payable_quantity_requires_review|service_match_unresolved,H2
INV-H2-000290,290,erroneous,True,contract_quantity_unknown_due_to_unit_mismatch|delivered_quantity_or_duplicate_identity_uncertain|exclusion_presence_uncertain|expected_total_unknown|invalid_date_payability_requires_review|invoice_identifier_join_ambiguous|missing_or_ambiguous_invoice_join|missing_patient_context|nonunique_invoice_id|premium_eligibility_uncertain|retention_or_payable_quantity_requires_review,H2
INV-H2-000290,636,erroneous,True,contract_quantity_unknown_due_to_unit_mismatch|delivered_quantity_or_duplicate_identity_uncertain|exclusion_presence_uncertain|expected_total_unknown|invalid_date_payability_requires_review|invoice_identifier_join_ambiguous|missing_or_ambiguous_invoice_join|missing_patient_context|nonunique_invoice_id|premium_eligibility_uncertain|retention_or_payable_quantity_requires_review,H2
INV-H2-000291,291,review,False,delivered_quantity_or_duplicate_identity_uncertain|expected_total_unknown|retention_or_payable_quantity_requires_review,H2
INV-H2-000292,292,review,False,delivered_quantity_or_duplicate_identity_uncertain|expected_total_unknown|retention_or_payable_quantity_requires_review|volume_discount_uncertain,H2
INV-H2-000295,295,review,False,expected_total_unknown|service_match_unresolved,H2
INV-H2-000296,296,review,False,expected_total_unknown|volume_discount_uncertain,H2
INV-H2-000297,297,review,False,expected_total_unknown|service_match_unresolved,H2
INV-H2-000298,298,review,False,contractual_dual_unit_unresolved|expected_total_unknown|service_match_unresolved|volume_discount_uncertain,H2
INV-H2-000299,299,erroneous,True,expected_total_unknown|volume_discount_uncertain,H2
INV-H2-000300,300,review,False,contractual_dual_unit_unresolved|expected_total_unknown|service_match_unresolved,H2
INV-H2-000301,301,review,False,expected_total_unknown|volume_discount_uncertain,H2
INV-H2-000303,303,review,False,contractual_dual_unit_unresolved|expected_total_unknown|service_match_unresolved,H2
INV-H2-000306,306,erroneous,True,duplicate_correction_not_approved_for_hospital|expected_total_unknown,H2
INV-H2-000308,308,review,False,expected_total_unknown|service_match_unresolved|volume_discount_uncertain,H2
INV-H2-000309,309,review,False,expected_total_unknown|volume_discount_uncertain,H2
INV-H2-000312,312,review,False,expected_total_unknown|service_match_unresolved,H2
INV-H2-000313,313,review,False,expected_total_unknown|service_match_unresolved|volume_discount_uncertain,H2
INV-H2-000314,314,review,False,contractual_dual_unit_unresolved|delivered_quantity_or_duplicate_identity_uncertain|expected_total_unknown|retention_or_payable_quantity_requires_review|service_match_unresolved,H2
INV-H2-000315,315,erroneous,True,contract_quantity_unknown_due_to_unit_mismatch|delivered_quantity_or_duplicate_identity_uncertain|duplicate_correction_not_approved_for_hospital|expected_total_unknown|retention_or_payable_quantity_requires_review|service_match_unresolved|volume_discount_uncertain,H2
INV-H2-000316,316,review,False,contractual_dual_unit_unresolved|expected_total_unknown|service_match_unresolved,H2
INV-H2-000320,320,review,False,delivered_quantity_or_duplicate_identity_uncertain|expected_total_unknown|retention_or_payable_quantity_requires_review|service_match_unresolved,H2
INV-H2-000322,322,review,False,contractual_dual_unit_unresolved|expected_total_unknown|service_match_unresolved|volume_discount_uncertain,H2
INV-H2-000323,323,review,False,expected_total_unknown|volume_discount_uncertain,H2
INV-H2-000324,324,review,False,expected_total_unknown|service_match_unresolved,H2
INV-H2-000326,326,review,False,expected_total_unknown|volume_discount_uncertain,H2
INV-H2-000327,327,review,False,expected_total_unknown|service_match_unresolved|volume_discount_uncertain,H2
INV-H2-000329,329,review,False,expected_total_unknown|volume_discount_uncertain,H2
INV-H2-000330,330,review,False,bundle_eligibility_uncertain|expected_total_unknown|service_match_unresolved,H2
INV-H2-000331,331,review,False,expected_total_unknown|volume_discount_uncertain,H2
INV-H2-000332,332,review,False,expected_total_unknown|service_match_unresolved,H2
INV-H2-000334,334,review,False,expected_total_unknown|volume_discount_uncertain,H2
INV-H2-000335,335,review,False,expected_total_unknown|volume_discount_uncertain,H2
INV-H2-000336,336,review,False,bundle_eligibility_uncertain|expected_total_unknown|service_match_unresolved,H2
INV-H2-000337,337,review,False,expected_total_unknown|service_match_unresolved,H2
INV-H2-000338,338,review,False,expected_total_unknown|service_match_unresolved,H2
INV-H2-000339,339,review,False,expected_total_unknown|service_match_unresolved,H2
INV-H2-000342,342,review,False,expected_total_unknown|service_match_unresolved|volume_discount_uncertain,H2
INV-H2-000345,345,review,False,expected_total_unknown|volume_discount_uncertain,H2
INV-H2-000346,346,review,False,expected_total_unknown|volume_discount_uncertain,H2
INV-H2-000348,348,review,False,expected_total_unknown|volume_discount_uncertain,H2
INV-H2-000349,349,review,False,expected_total_unknown|service_match_unresolved|volume_discount_uncertain,H2
INV-H2-000350,350,review,False,expected_total_unknown|volume_discount_uncertain,H2
INV-H2-000351,351,review,False,contractual_dual_unit_unresolved|expected_total_unknown|service_match_unresolved|volume_discount_uncertain,H2
INV-H2-000353,353,review,False,expected_total_unknown|service_match_unresolved,H2
INV-H2-000354,354,review,False,expected_total_unknown|volume_discount_uncertain,H2
INV-H2-000355,355,review,False,bundle_eligibility_uncertain|expected_total_unknown|service_match_unresolved,H2
INV-H2-000358,358,review,False,expected_total_unknown|service_match_unresolved,H2
INV-H2-000360,360,review,False,expected_total_unknown|service_match_unresolved|volume_discount_uncertain,H2
INV-H2-000361,361,review,False,contractual_dual_unit_unresolved|expected_total_unknown|service_match_unresolved,H2
INV-H2-000362,362,review,False,expected_total_unknown|volume_discount_uncertain,H2
INV-H2-000363,363,review,False,expected_total_unknown|service_match_unresolved|volume_discount_uncertain,H2
INV-H2-000364,364,review,False,expected_total_unknown|service_match_unresolved|volume_discount_uncertain,H2
INV-H2-000365,365,review,False,expected_total_unknown|volume_discount_uncertain,H2
INV-H2-000366,366,review,False,contractual_dual_unit_unresolved|expected_total_unknown|service_match_unresolved,H2
INV-H2-000367,367,review,False,expected_total_unknown|service_match_unresolved,H2
INV-H2-000369,369,review,False,expected_total_unknown|service_match_unresolved,H2
INV-H2-000370,370,review,False,expected_total_unknown|volume_discount_uncertain,H2
INV-H2-000372,372,review,False,bundle_eligibility_uncertain|expected_total_unknown|service_match_unresolved,H2
INV-H2-000373,373,review,False,expected_total_unknown|service_match_unresolved,H2
INV-H2-000376,376,erroneous,True,cap_actual_quantity_unknown|expected_total_unknown|invalid_date_payability_requires_review|retention_or_payable_quantity_requires_review,H2
INV-H2-000377,377,review,False,contractual_dual_unit_unresolved|expected_total_unknown|service_match_unresolved,H2
INV-H2-000379,379,review,False,expected_total_unknown|service_match_unresolved,H2
INV-H2-000380,380,review,False,expected_total_unknown|service_match_unresolved,H2
INV-H2-000384,384,review,False,expected_total_unknown|service_match_unresolved,H2
INV-H2-000387,387,review,False,expected_total_unknown|service_match_unresolved,H2
INV-H2-000388,388,review,False,expected_total_unknown|service_match_unresolved,H2
INV-H2-000391,391,review,False,expected_total_unknown|service_match_unresolved,H2
INV-H2-000392,392,review,False,contractual_dual_unit_unresolved|expected_total_unknown|service_match_unresolved,H2
INV-H2-000394,394,review,False,expected_total_unknown|service_match_unresolved,H2
INV-H2-000396,396,review,False,delivered_quantity_or_duplicate_identity_uncertain|expected_total_unknown|retention_or_payable_quantity_requires_review|service_match_unresolved,H2
INV-H2-000398,398,review,False,delivered_quantity_or_duplicate_identity_uncertain|expected_total_unknown|retention_or_payable_quantity_requires_review|service_match_unresolved,H2
INV-H2-000402,402,review,False,expected_total_unknown|service_match_unresolved,H2
INV-H2-000403,403,review,False,expected_total_unknown|service_match_unresolved,H2
INV-H2-000404,404,review,False,expected_total_unknown|service_match_unresolved,H2
INV-H2-000405,405,review,False,expected_total_unknown|service_match_unresolved,H2
INV-H2-000406,406,review,False,contractual_dual_unit_unresolved|expected_total_unknown|service_match_unresolved,H2
INV-H2-000408,408,review,False,expected_total_unknown|service_match_unresolved,H2
INV-H2-000411,411,review,False,expected_total_unknown|service_match_unresolved,H2
INV-H2-000412,412,review,False,expected_total_unknown|service_match_unresolved,H2
INV-H2-000419,419,review,False,expected_total_unknown|service_match_unresolved,H2
INV-H2-000421,421,review,False,contractual_dual_unit_unresolved|expected_total_unknown|service_match_unresolved,H2
INV-H2-000422,422,erroneous,True,delivered_quantity_or_duplicate_identity_uncertain|expected_total_unknown|invalid_date_payability_requires_review|retention_or_payable_quantity_requires_review|service_match_unresolved,H2
INV-H2-000425,425,review,False,expected_total_unknown|service_match_unresolved,H2
INV-H2-000426,426,review,False,expected_total_unknown|service_match_unresolved,H2
INV-H2-000427,427,review,False,contractual_dual_unit_unresolved|expected_total_unknown|service_match_unresolved,H2
INV-H2-000432,432,erroneous,True,exclusion_presence_uncertain|expected_total_unknown|retention_or_payable_quantity_requires_review,H2
INV-H2-000434,434,review,False,expected_total_unknown|service_match_unresolved,H2
INV-H2-000436,436,erroneous,True,contract_quantity_unknown_due_to_unit_mismatch|delivered_quantity_or_duplicate_identity_uncertain|expected_total_unknown|retention_or_payable_quantity_requires_review,H2
INV-H2-000439,439,review,False,expected_total_unknown|service_match_unresolved,H2
INV-H2-000442,442,review,False,contractual_dual_unit_unresolved|expected_total_unknown|service_match_unresolved,H2
INV-H2-000443,443,review,False,expected_total_unknown|service_match_unresolved,H2
INV-H2-000446,446,erroneous,True,cap_actual_quantity_unknown|contract_quantity_unknown_due_to_unit_mismatch|delivered_quantity_or_duplicate_identity_uncertain|expected_total_unknown|invalid_date_payability_requires_review|retention_or_payable_quantity_requires_review|service_match_unresolved,H2
INV-H2-000447,447,erroneous,True,expected_total_unknown|invalid_date_payability_requires_review|retention_or_payable_quantity_requires_review,H2
INV-H2-000456,456,review,False,contractual_dual_unit_unresolved|expected_total_unknown|service_match_unresolved,H2
INV-H2-000458,458,review,False,expected_total_unknown|service_match_unresolved,H2
INV-H2-000463,463,review,False,contractual_dual_unit_unresolved|delivered_quantity_or_duplicate_identity_uncertain|expected_total_unknown|retention_or_payable_quantity_requires_review|service_match_unresolved,H2
INV-H2-000467,467,review,False,expected_total_unknown|service_match_unresolved,H2
INV-H2-000470,470,review,False,contractual_dual_unit_unresolved|expected_total_unknown|service_match_unresolved,H2
INV-H2-000471,471,review,False,expected_total_unknown|service_match_unresolved,H2
INV-H2-000472,472,review,False,expected_total_unknown|service_match_unresolved,H2
INV-H2-000473,473,erroneous,True,delivered_quantity_or_duplicate_identity_uncertain|duplicate_correction_not_approved_for_hospital|exclusion_presence_uncertain|expected_total_unknown|premium_eligibility_uncertain|retention_or_payable_quantity_requires_review|service_match_unresolved,H2
INV-H2-000474,474,review,False,contractual_dual_unit_unresolved|expected_total_unknown|service_match_unresolved,H2
INV-H2-000476,476,review,False,expected_total_unknown|service_match_unresolved,H2
INV-H2-000478,478,review,False,contractual_dual_unit_unresolved|expected_total_unknown|service_match_unresolved,H2
INV-H2-000481,481,review,False,expected_total_unknown|service_match_unresolved,H2
INV-H2-000482,482,review,False,contractual_dual_unit_unresolved|expected_total_unknown|service_match_unresolved,H2
INV-H2-000485,485,review,False,expected_total_unknown|service_match_unresolved,H2
INV-H2-000486,486,review,False,contractual_dual_unit_unresolved|expected_total_unknown|service_match_unresolved,H2
INV-H2-000490,490,review,False,delivered_quantity_or_duplicate_identity_uncertain|expected_total_unknown|retention_or_payable_quantity_requires_review,H2
INV-H2-000491,491,review,False,delivered_quantity_or_duplicate_identity_uncertain|expected_total_unknown|retention_or_payable_quantity_requires_review,H2
INV-H2-000492,492,review,False,bundle_eligibility_uncertain|expected_total_unknown|service_match_unresolved,H2
INV-H2-000494,494,review,False,bundle_eligibility_uncertain|expected_total_unknown|service_match_unresolved,H2
INV-H2-000495,495,review,False,contractual_dual_unit_unresolved|expected_total_unknown|service_match_unresolved,H2
INV-H2-000498,498,review,False,delivered_quantity_or_duplicate_identity_uncertain|expected_total_unknown|retention_or_payable_quantity_requires_review|service_match_unresolved,H2
INV-H2-000499,499,review,False,expected_total_unknown|service_match_unresolved,H2
INV-H2-000503,503,review,False,delivered_quantity_or_duplicate_identity_uncertain|expected_total_unknown|retention_or_payable_quantity_requires_review|service_match_unresolved,H2
INV-H2-000504,504,review,False,bundle_eligibility_uncertain|expected_total_unknown|service_match_unresolved,H2
INV-H2-000506,506,review,False,expected_total_unknown|service_match_unresolved,H2
INV-H2-000511,511,review,False,expected_total_unknown|service_match_unresolved,H2
INV-H2-000512,512,review,False,expected_total_unknown|service_match_unresolved,H2
INV-H2-000513,513,review,False,expected_total_unknown|service_match_unresolved,H2
INV-H2-000514,514,review,False,contractual_dual_unit_unresolved|expected_total_unknown|service_match_unresolved,H2
INV-H2-000516,516,review,False,contractual_dual_unit_unresolved|expected_total_unknown|service_match_unresolved,H2
INV-H2-000519,519,erroneous,True,delivered_quantity_or_duplicate_identity_uncertain|expected_total_unknown|invalid_date_payability_requires_review|premium_eligibility_uncertain|retention_or_payable_quantity_requires_review|service_match_unresolved,H2
INV-H2-000521,521,review,False,expected_total_unknown|service_match_unresolved,H2
INV-H2-000522,522,erroneous,True,contractual_dual_unit_unresolved|duplicate_correction_not_approved_for_hospital|exclusion_presence_uncertain|expected_total_unknown|invalid_date_payability_requires_review|retention_or_payable_quantity_requires_review|service_match_unresolved,H2
INV-H2-000523,523,review,False,expected_total_unknown|service_match_unresolved,H2
INV-H2-000525,525,review,False,contractual_dual_unit_unresolved|expected_total_unknown|service_match_unresolved,H2
INV-H2-000526,526,review,False,contractual_dual_unit_unresolved|expected_total_unknown|service_match_unresolved,H2
INV-H2-000527,527,review,False,expected_total_unknown|service_match_unresolved,H2
INV-H2-000529,529,review,False,expected_total_unknown|service_match_unresolved,H2
INV-H2-000534,534,review,False,expected_total_unknown|service_match_unresolved,H2
INV-H2-000535,535,review,False,expected_total_unknown|service_match_unresolved,H2
INV-H2-000536,536,review,False,expected_total_unknown|service_match_unresolved,H2
INV-H2-000537,537,review,False,delivered_quantity_or_duplicate_identity_uncertain|expected_total_unknown|retention_or_payable_quantity_requires_review|service_match_unresolved,H2
INV-H2-000538,538,review,False,expected_total_unknown|service_match_unresolved,H2
INV-H2-000539,539,review,False,expected_total_unknown|service_match_unresolved,H2
INV-H2-000542,542,review,False,delivered_quantity_or_duplicate_identity_uncertain|expected_total_unknown|retention_or_payable_quantity_requires_review,H2
INV-H2-000543,543,review,False,expected_total_unknown|service_match_unresolved,H2
INV-H2-000544,544,review,False,delivered_quantity_or_duplicate_identity_uncertain|expected_total_unknown|retention_or_payable_quantity_requires_review,H2
INV-H2-000545,545,review,False,contractual_dual_unit_unresolved|expected_total_unknown|service_match_unresolved,H2
INV-H2-000548,548,review,False,expected_total_unknown|service_match_unresolved,H2
INV-H2-000549,549,erroneous,True,bundle_eligibility_uncertain|contract_quantity_unknown_due_to_unit_mismatch|contractual_dual_unit_unresolved|delivered_quantity_or_duplicate_identity_uncertain|exclusion_presence_uncertain|expected_total_unknown|invalid_date_payability_requires_review|invoice_identifier_join_ambiguous|missing_or_ambiguous_invoice_join|missing_patient_context|nonunique_invoice_id|premium_eligibility_uncertain|retention_or_payable_quantity_requires_review|service_match_unresolved,H2
INV-H2-000549,770,erroneous,True,bundle_eligibility_uncertain|contract_quantity_unknown_due_to_unit_mismatch|contractual_dual_unit_unresolved|delivered_quantity_or_duplicate_identity_uncertain|exclusion_presence_uncertain|expected_total_unknown|invalid_date_payability_requires_review|invoice_identifier_join_ambiguous|missing_or_ambiguous_invoice_join|missing_patient_context|nonunique_invoice_id|premium_eligibility_uncertain|retention_or_payable_quantity_requires_review|service_match_unresolved,H2
INV-H2-000552,552,review,False,delivered_quantity_or_duplicate_identity_uncertain|expected_total_unknown|retention_or_payable_quantity_requires_review,H2
INV-H2-000553,553,review,False,delivered_quantity_or_duplicate_identity_uncertain|expected_total_unknown|retention_or_payable_quantity_requires_review|service_match_unresolved,H2
INV-H2-000554,554,review,False,expected_total_unknown|service_match_unresolved,H2
INV-H2-000559,559,review,False,expected_total_unknown|service_match_unresolved,H2
INV-H2-000561,561,erroneous,True,contractual_dual_unit_unresolved|expected_total_unknown|invalid_date_payability_requires_review|service_match_unresolved,H2
INV-H2-000563,563,review,False,expected_total_unknown|service_match_unresolved,H2
INV-H2-000566,566,review,False,contractual_dual_unit_unresolved|expected_total_unknown|service_match_unresolved,H2
INV-H2-000567,567,review,False,expected_total_unknown|service_match_unresolved,H2
INV-H2-000569,569,review,False,delivered_quantity_or_duplicate_identity_uncertain|expected_total_unknown|retention_or_payable_quantity_requires_review,H2
INV-H2-000571,571,review,False,delivered_quantity_or_duplicate_identity_uncertain|expected_total_unknown|retention_or_payable_quantity_requires_review,H2
INV-H2-000573,573,review,False,expected_total_unknown|service_match_unresolved,H2
INV-H2-000574,574,review,False,contractual_dual_unit_unresolved|expected_total_unknown|service_match_unresolved,H2
INV-H2-000577,577,review,False,expected_total_unknown|service_match_unresolved,H2
INV-H2-000579,579,review,False,contractual_dual_unit_unresolved|delivered_quantity_or_duplicate_identity_uncertain|expected_total_unknown|retention_or_payable_quantity_requires_review|service_match_unresolved,H2
INV-H2-000581,581,review,False,expected_total_unknown|service_match_unresolved,H2
INV-H2-000585,585,review,False,expected_total_unknown|service_match_unresolved,H2
INV-H2-000587,587,review,False,bundle_eligibility_uncertain|expected_total_unknown|service_match_unresolved,H2
INV-H2-000591,591,review,False,contractual_dual_unit_unresolved|expected_total_unknown|service_match_unresolved,H2
INV-H2-000592,592,review,False,expected_total_unknown|service_match_unresolved,H2
INV-H2-000594,594,review,False,contractual_dual_unit_unresolved|expected_total_unknown|service_match_unresolved,H2
INV-H2-000595,595,erroneous,True,cap_actual_quantity_unknown|expected_total_unknown,H2
INV-H2-000597,597,review,False,contractual_dual_unit_unresolved|expected_total_unknown|service_match_unresolved,H2
INV-H2-000600,600,review,False,contractual_dual_unit_unresolved|expected_total_unknown|service_match_unresolved,H2
INV-H2-000602,602,review,False,exclusion_presence_uncertain|expected_total_unknown|retention_or_payable_quantity_requires_review,H2
INV-H2-000604,604,review,False,contractual_dual_unit_unresolved|expected_total_unknown|service_match_unresolved,H2
INV-H2-000608,608,review,False,contractual_dual_unit_unresolved|expected_total_unknown|service_match_unresolved,H2
INV-H2-000609,609,review,False,delivered_quantity_or_duplicate_identity_uncertain|expected_total_unknown|retention_or_payable_quantity_requires_review,H2
INV-H2-000611,611,review,False,expected_total_unknown|service_match_unresolved,H2
INV-H2-000614,614,review,False,delivered_quantity_or_duplicate_identity_uncertain|expected_total_unknown|retention_or_payable_quantity_requires_review,H2
INV-H2-000615,615,review,False,exclusion_presence_uncertain|expected_total_unknown|retention_or_payable_quantity_requires_review,H2
INV-H2-000617,617,review,False,bundle_eligibility_uncertain|delivered_quantity_or_duplicate_identity_uncertain|exclusion_presence_uncertain|expected_total_unknown|retention_or_payable_quantity_requires_review|service_match_unresolved,H2
INV-H2-000618,618,review,False,exclusion_presence_uncertain|expected_total_unknown|retention_or_payable_quantity_requires_review|service_match_unresolved,H2
INV-H2-000623,623,review,False,contractual_dual_unit_unresolved|expected_total_unknown|service_match_unresolved,H2
INV-H2-000627,627,review,False,contractual_dual_unit_unresolved|delivered_quantity_or_duplicate_identity_uncertain|expected_total_unknown|retention_or_payable_quantity_requires_review|service_match_unresolved,H2
INV-H2-000629,629,review,False,exclusion_presence_uncertain|expected_total_unknown|retention_or_payable_quantity_requires_review,H2
INV-H2-000630,630,review,False,expected_total_unknown|service_match_unresolved,H2
INV-H2-000634,634,review,False,delivered_quantity_or_duplicate_identity_uncertain|expected_total_unknown|retention_or_payable_quantity_requires_review|service_match_unresolved,H2
INV-H2-000638,638,review,False,contractual_dual_unit_unresolved|exclusion_presence_uncertain|expected_total_unknown|retention_or_payable_quantity_requires_review|service_match_unresolved,H2
INV-H2-000639,639,review,False,bundle_eligibility_uncertain|expected_total_unknown|service_match_unresolved,H2
INV-H2-000640,640,review,False,delivered_quantity_or_duplicate_identity_uncertain|expected_total_unknown|retention_or_payable_quantity_requires_review|service_match_unresolved,H2
INV-H2-000642,642,review,False,contractual_dual_unit_unresolved|expected_total_unknown|service_match_unresolved,H2
INV-H2-000644,644,review,False,expected_total_unknown|service_match_unresolved,H2
INV-H2-000645,645,review,False,exclusion_presence_uncertain|expected_total_unknown|retention_or_payable_quantity_requires_review,H2
INV-H2-000648,648,review,False,contractual_dual_unit_unresolved|expected_total_unknown|service_match_unresolved,H2
INV-H2-000649,649,review,False,exclusion_presence_uncertain|expected_total_unknown|retention_or_payable_quantity_requires_review,H2
INV-H2-000650,650,review,False,expected_total_unknown|service_match_unresolved,H2
INV-H2-000651,651,review,False,bundle_eligibility_uncertain|contractual_dual_unit_unresolved|delivered_quantity_or_duplicate_identity_uncertain|expected_total_unknown|retention_or_payable_quantity_requires_review|service_match_unresolved,H2
INV-H2-000652,652,review,False,expected_total_unknown|service_match_unresolved,H2
INV-H2-000655,655,review,False,expected_total_unknown|service_match_unresolved,H2
INV-H2-000656,656,review,False,expected_total_unknown|service_match_unresolved,H2
INV-H2-000660,660,review,False,expected_total_unknown|service_match_unresolved,H2
INV-H2-000661,661,erroneous,True,delivered_quantity_or_duplicate_identity_uncertain|exclusion_presence_uncertain|expected_total_unknown|retention_or_payable_quantity_requires_review|service_match_unresolved,H2
INV-H2-000662,662,erroneous,True,expected_total_unknown|invalid_date_payability_requires_review|retention_or_payable_quantity_requires_review,H2
INV-H2-000663,663,review,False,bundle_eligibility_uncertain|expected_total_unknown|service_match_unresolved,H2
INV-H2-000664,664,review,False,bundle_eligibility_uncertain|contractual_dual_unit_unresolved|delivered_quantity_or_duplicate_identity_uncertain|expected_total_unknown|retention_or_payable_quantity_requires_review|service_match_unresolved,H2
INV-H2-000665,665,review,False,bundle_eligibility_uncertain|expected_total_unknown|service_match_unresolved,H2
INV-H2-000667,667,review,False,expected_total_unknown|service_match_unresolved,H2
INV-H2-000673,673,review,False,expected_total_unknown|service_match_unresolved,H2
INV-H2-000674,674,review,False,delivered_quantity_or_duplicate_identity_uncertain|expected_total_unknown|retention_or_payable_quantity_requires_review|service_match_unresolved,H2
INV-H2-000675,675,review,False,expected_total_unknown|service_match_unresolved,H2
INV-H2-000676,676,review,False,contractual_dual_unit_unresolved|expected_total_unknown|service_match_unresolved,H2
INV-H2-000677,677,review,False,expected_total_unknown|service_match_unresolved,H2
INV-H2-000682,682,review,False,contractual_dual_unit_unresolved|expected_total_unknown|service_match_unresolved,H2
INV-H2-000684,684,erroneous,True,delivered_quantity_or_duplicate_identity_uncertain|expected_total_unknown|invalid_date_payability_requires_review|retention_or_payable_quantity_requires_review,H2
INV-H2-000686,686,review,False,contractual_dual_unit_unresolved|expected_total_unknown|service_match_unresolved,H2
INV-H2-000694,694,review,False,expected_total_unknown|service_match_unresolved,H2
INV-H2-000698,698,review,False,contractual_dual_unit_unresolved|expected_total_unknown|service_match_unresolved,H2
INV-H2-000699,699,review,False,expected_total_unknown|service_match_unresolved,H2
INV-H2-000701,701,review,False,contractual_dual_unit_unresolved|expected_total_unknown|service_match_unresolved,H2
INV-H2-000702,702,review,False,expected_total_unknown|service_match_unresolved,H2
INV-H2-000706,706,review,False,expected_total_unknown|service_match_unresolved,H2
INV-H2-000707,707,review,False,contractual_dual_unit_unresolved|expected_total_unknown|service_match_unresolved,H2
INV-H2-000713,713,review,False,delivered_quantity_or_duplicate_identity_uncertain|expected_total_unknown|retention_or_payable_quantity_requires_review|service_match_unresolved,H2
INV-H2-000715,715,review,False,contractual_dual_unit_unresolved|expected_total_unknown|service_match_unresolved,H2
INV-H2-000716,716,review,False,expected_total_unknown|service_match_unresolved,H2
INV-H2-000721,721,review,False,contractual_dual_unit_unresolved|expected_total_unknown|service_match_unresolved,H2
INV-H2-000726,726,review,False,expected_total_unknown|service_match_unresolved,H2
INV-H2-000727,727,review,False,contractual_dual_unit_unresolved|expected_total_unknown|service_match_unresolved,H2
INV-H2-000728,728,review,False,contractual_dual_unit_unresolved|expected_total_unknown|service_match_unresolved,H2
INV-H2-000729,729,review,False,contractual_dual_unit_unresolved|expected_total_unknown|service_match_unresolved,H2
INV-H2-000730,730,review,False,expected_total_unknown|service_match_unresolved,H2
INV-H2-000731,731,review,False,contractual_dual_unit_unresolved|expected_total_unknown|service_match_unresolved,H2
INV-H2-000733,733,review,False,bundle_eligibility_uncertain|delivered_quantity_or_duplicate_identity_uncertain|exclusion_presence_uncertain|expected_total_unknown|retention_or_payable_quantity_requires_review|service_match_unresolved,H2
INV-H2-000734,734,review,False,expected_total_unknown|service_match_unresolved,H2
INV-H2-000736,736,review,False,expected_total_unknown|service_match_unresolved,H2
INV-H2-000737,737,review,False,contractual_dual_unit_unresolved|expected_total_unknown|service_match_unresolved,H2
INV-H2-000739,739,review,False,delivered_quantity_or_duplicate_identity_uncertain|expected_total_unknown|retention_or_payable_quantity_requires_review,H2
INV-H2-000742,742,review,False,expected_total_unknown|service_match_unresolved,H2
INV-H2-000746,746,review,False,duplicate_correction_not_approved_for_hospital|expected_total_unknown|service_match_unresolved,H2
INV-H2-000747,747,review,False,expected_total_unknown|service_match_unresolved,H2
INV-H2-000752,752,erroneous,True,contract_quantity_unknown_due_to_unit_mismatch|delivered_quantity_or_duplicate_identity_uncertain|expected_total_unknown|invalid_date_payability_requires_review|retention_or_payable_quantity_requires_review,H2
INV-H2-000753,753,review,False,expected_total_unknown|service_match_unresolved,H2
INV-H2-000754,754,review,False,expected_total_unknown|service_match_unresolved,H2
INV-H2-000760,760,review,False,expected_total_unknown|service_match_unresolved,H2
INV-H2-000762,762,review,False,expected_total_unknown|service_match_unresolved,H2
INV-H2-000766,766,review,False,contractual_dual_unit_unresolved|expected_total_unknown|service_match_unresolved,H2
INV-H2-000768,768,review,False,delivered_quantity_or_duplicate_identity_uncertain|expected_total_unknown|retention_or_payable_quantity_requires_review|service_match_unresolved,H2
INV-H2-000771,771,review,False,contractual_dual_unit_unresolved|expected_total_unknown|service_match_unresolved,H2
INV-H2-000773,773,review,False,expected_total_unknown|service_match_unresolved,H2
INV-H2-000774,774,review,False,delivered_quantity_or_duplicate_identity_uncertain|expected_total_unknown|retention_or_payable_quantity_requires_review|service_match_unresolved,H2
INV-H2-000775,775,review,False,bundle_eligibility_uncertain|delivered_quantity_or_duplicate_identity_uncertain|expected_total_unknown|retention_or_payable_quantity_requires_review|service_match_unresolved,H2
INV-H2-000777,777,review,False,expected_total_unknown|service_match_unresolved,H2
INV-H2-000781,781,review,False,expected_total_unknown|service_match_unresolved,H2
INV-H2-000782,782,review,False,expected_total_unknown|service_match_unresolved,H2
INV-H2-000783,783,erroneous,True,bundle_eligibility_uncertain|contract_quantity_unknown_due_to_unit_mismatch|delivered_quantity_or_duplicate_identity_uncertain|exclusion_presence_uncertain|expected_total_unknown|invalid_date_payability_requires_review|retention_or_payable_quantity_requires_review|service_match_unresolved,H2
INV-H2-000785,785,review,False,expected_total_unknown|service_match_unresolved,H2
INV-H2-000786,786,review,False,contractual_dual_unit_unresolved|expected_total_unknown|service_match_unresolved,H2
INV-H2-000787,787,review,False,expected_total_unknown|service_match_unresolved,H2
INV-H2-000789,789,review,False,expected_total_unknown|service_match_unresolved,H2
INV-H2-000790,790,review,False,contractual_dual_unit_unresolved|expected_total_unknown|service_match_unresolved,H2
INV-H2-000791,791,review,False,contractual_dual_unit_unresolved|expected_total_unknown|service_match_unresolved,H2
INV-H2-000793,793,review,False,contractual_dual_unit_unresolved|expected_total_unknown|service_match_unresolved,H2
INV-H2-000795,795,review,False,contractual_dual_unit_unresolved|expected_total_unknown|service_match_unresolved,H2
INV-H2-000800,800,erroneous,True,expected_total_unknown|invalid_date_payability_requires_review|retention_or_payable_quantity_requires_review,H2
INV-H2-000801,801,review,False,contractual_dual_unit_unresolved|expected_total_unknown|service_match_unresolved,H2
INV-H2-000802,802,review,False,contractual_dual_unit_unresolved|expected_total_unknown|service_match_unresolved,H2
INV-H2-000804,804,review,False,expected_total_unknown|service_match_unresolved,H2
INV-H2-000806,806,review,False,bundle_eligibility_uncertain|contractual_dual_unit_unresolved|expected_total_unknown|service_match_unresolved,H2
INV-H2-000809,809,review,False,expected_total_unknown|service_match_unresolved,H2
INV-H2-000812,812,review,False,expected_total_unknown|service_match_unresolved,H2
INV-H2-000815,815,review,False,expected_total_unknown|service_match_unresolved,H2
INV-H2-000816,816,review,False,expected_total_unknown|service_match_unresolved,H2
INV-H2-000818,818,erroneous,True,exclusion_presence_uncertain|expected_total_unknown|retention_or_payable_quantity_requires_review,H2
INV-H2-000819,819,review,False,expected_total_unknown|service_match_unresolved,H2
INV-H2-000820,820,review,False,delivered_quantity_or_duplicate_identity_uncertain|expected_total_unknown|retention_or_payable_quantity_requires_review|service_match_unresolved,H2
INV-H2-000821,821,review,False,expected_total_unknown|service_match_unresolved,H2
INV-H2-000822,822,review,False,expected_total_unknown|service_match_unresolved,H2
INV-H2-000824,824,review,False,bundle_eligibility_uncertain|expected_total_unknown|service_match_unresolved,H2
INV-H2-000827,827,review,False,expected_total_unknown|service_match_unresolved,H2
INV-H2-000828,828,review,False,contractual_dual_unit_unresolved|expected_total_unknown|service_match_unresolved,H2
INV-H2-000833,833,review,False,contractual_dual_unit_unresolved|expected_total_unknown|service_match_unresolved,H2
INV-H2-000835,835,erroneous,True,contract_quantity_unknown_due_to_unit_mismatch|delivered_quantity_or_duplicate_identity_uncertain|expected_total_unknown|retention_or_payable_quantity_requires_review,H2
INV-H2-000838,838,review,False,contractual_dual_unit_unresolved|expected_total_unknown|service_match_unresolved,H2
INV-H2-000839,839,review,False,expected_total_unknown|service_match_unresolved,H2
INV-H2-000841,841,review,False,expected_total_unknown|service_match_unresolved,H2
INV-H2-000843,843,erroneous,True,expected_total_unknown|invalid_date_payability_requires_review|retention_or_payable_quantity_requires_review,H2
INV-H2-000844,844,erroneous,True,cap_actual_quantity_unknown|expected_total_unknown,H2
INV-H2-000845,845,review,False,bundle_eligibility_uncertain|expected_total_unknown|service_match_unresolved,H2
INV-H2-000849,849,review,False,expected_total_unknown|service_match_unresolved,H2
INV-H2-000850,850,review,False,expected_total_unknown|service_match_unresolved,H2
INV-H2-000852,852,erroneous,True,expected_total_unknown|service_match_unresolved,H2
INV-H2-000853,853,review,False,delivered_quantity_or_duplicate_identity_uncertain|expected_total_unknown|retention_or_payable_quantity_requires_review|service_match_unresolved,H2
INV-H2-000854,854,review,False,expected_total_unknown|service_match_unresolved,H2
INV-H2-000855,855,review,False,contractual_dual_unit_unresolved|expected_total_unknown|service_match_unresolved,H2
INV-H2-000863,863,review,False,expected_total_unknown|service_match_unresolved,H2
INV-H2-000864,864,review,False,expected_total_unknown|service_match_unresolved,H2
INV-H2-000870,870,review,False,bundle_eligibility_uncertain|contractual_dual_unit_unresolved|expected_total_unknown|service_match_unresolved,H2
INV-H2-000871,871,review,False,expected_total_unknown|service_match_unresolved,H2
INV-H2-000872,872,review,False,contractual_dual_unit_unresolved|expected_total_unknown|service_match_unresolved,H2
INV-H2-000874,874,review,False,contractual_dual_unit_unresolved|expected_total_unknown|service_match_unresolved,H2
INV-H2-000876,876,review,False,expected_total_unknown|service_match_unresolved,H2
INV-H2-000879,879,review,False,expected_total_unknown|service_match_unresolved,H2
INV-H2-000880,880,review,False,expected_total_unknown|service_match_unresolved,H2
INV-H2-000881,881,review,False,contractual_dual_unit_unresolved|expected_total_unknown|service_match_unresolved,H2
INV-H2-000883,883,review,False,expected_total_unknown|service_match_unresolved,H2
INV-H2-000885,885,review,False,expected_total_unknown|service_match_unresolved,H2
INV-H2-000886,886,review,False,expected_total_unknown|service_match_unresolved,H2
INV-H2-000887,887,review,False,delivered_quantity_or_duplicate_identity_uncertain|expected_total_unknown|premium_eligibility_uncertain|retention_or_payable_quantity_requires_review|service_match_unresolved,H2
INV-H2-000888,888,review,False,bundle_eligibility_uncertain|contractual_dual_unit_unresolved|delivered_quantity_or_duplicate_identity_uncertain|expected_total_unknown|retention_or_payable_quantity_requires_review|service_match_unresolved,H2
INV-H2-000889,889,erroneous,True,cap_actual_quantity_unknown|contractual_dual_unit_unresolved|expected_total_unknown|service_match_unresolved,H2
INV-H2-000890,890,review,False,expected_total_unknown|service_match_unresolved,H2
INV-H2-000892,892,review,False,delivered_quantity_or_duplicate_identity_uncertain|duplicate_correction_not_approved_for_hospital|exclusion_presence_uncertain|expected_total_unknown|retention_or_payable_quantity_requires_review|service_match_unresolved,H2
INV-H2-000895,895,review,False,expected_total_unknown|service_match_unresolved,H2
INV-H2-000897,897,review,False,bundle_eligibility_uncertain|expected_total_unknown|service_match_unresolved,H2
INV-H2-000899,899,review,False,bundle_eligibility_uncertain|expected_total_unknown|service_match_unresolved,H2
INV-H2-000900,900,erroneous,True,bundle_eligibility_uncertain|expected_total_unknown|service_match_unresolved,H2
INV-H2-000901,901,review,False,bundle_eligibility_uncertain|delivered_quantity_or_duplicate_identity_uncertain|expected_total_unknown|retention_or_payable_quantity_requires_review|service_match_unresolved,H2
INV-H2-000902,902,review,False,bundle_eligibility_uncertain|expected_total_unknown|service_match_unresolved,H2
INV-H2-000903,903,review,False,expected_total_unknown|service_match_unresolved,H2
INV-H2-000904,904,review,False,expected_total_unknown|service_match_unresolved,H2
INV-H2-000905,905,review,False,bundle_eligibility_uncertain|expected_total_unknown|service_match_unresolved,H2
INV-H2-000906,906,review,False,expected_total_unknown|service_match_unresolved,H2
INV-H2-000912,912,review,False,bundle_eligibility_uncertain|expected_total_unknown|service_match_unresolved,H2
INV-H2-000913,913,review,False,contractual_dual_unit_unresolved|expected_total_unknown|service_match_unresolved,H2
INV-H2-000915,915,review,False,contractual_dual_unit_unresolved|expected_total_unknown|service_match_unresolved,H2
INV-H2-000918,918,review,False,contractual_dual_unit_unresolved|expected_total_unknown|service_match_unresolved,H2
INV-H2-000919,919,review,False,contractual_dual_unit_unresolved|expected_total_unknown|service_match_unresolved,H2
INV-H2-000920,920,review,False,contractual_dual_unit_unresolved|expected_total_unknown|service_match_unresolved,H2
INV-H2-000926,926,review,False,expected_total_unknown|service_match_unresolved,H2
INV-H2-000927,927,review,False,expected_total_unknown|service_match_unresolved,H2
INV-H2-000930,930,review,False,contractual_dual_unit_unresolved|expected_total_unknown|service_match_unresolved,H2
INV-H2-000932,932,review,False,contractual_dual_unit_unresolved|expected_total_unknown|service_match_unresolved,H2
INV-H2-000934,934,review,False,expected_total_unknown|service_match_unresolved,H2
INV-H2-000936,936,review,False,expected_total_unknown|service_match_unresolved,H2
INV-H2-000938,938,review,False,bundle_eligibility_uncertain|expected_total_unknown|service_match_unresolved,H2
INV-H2-000943,943,review,False,contractual_dual_unit_unresolved|expected_total_unknown|service_match_unresolved,H2
INV-H2-000947,947,review,False,bundle_eligibility_uncertain|delivered_quantity_or_duplicate_identity_uncertain|expected_total_unknown|retention_or_payable_quantity_requires_review|service_match_unresolved,H2
INV-H2-000948,948,review,False,expected_total_unknown|service_match_unresolved,H2
INV-H2-000951,951,erroneous,True,contract_quantity_unknown_due_to_unit_mismatch|delivered_quantity_or_duplicate_identity_uncertain|exclusion_presence_uncertain|expected_total_unknown|premium_eligibility_uncertain|retention_or_payable_quantity_requires_review|service_match_unresolved,H2
INV-H2-000952,952,review,False,contractual_dual_unit_unresolved|delivered_quantity_or_duplicate_identity_uncertain|expected_total_unknown|retention_or_payable_quantity_requires_review|service_match_unresolved,H2
INV-H2-000954,954,review,False,expected_total_unknown|service_match_unresolved,H2
INV-H2-000955,955,erroneous,True,bundle_eligibility_uncertain|delivered_quantity_or_duplicate_identity_uncertain|expected_total_unknown|invalid_date_payability_requires_review|retention_or_payable_quantity_requires_review|service_match_unresolved,H2
INV-H2-000965,965,review,False,expected_total_unknown|service_match_unresolved,H2
INV-H2-000967,967,review,False,bundle_eligibility_uncertain|expected_total_unknown|service_match_unresolved,H2
INV-H2-000969,969,review,False,expected_total_unknown|service_match_unresolved,H2
INV-H2-000972,972,review,False,contractual_dual_unit_unresolved|expected_total_unknown|service_match_unresolved,H2
INV-H2-000974,974,review,False,contractual_dual_unit_unresolved|expected_total_unknown|service_match_unresolved,H2
INV-H2-000975,975,review,False,contractual_dual_unit_unresolved|expected_total_unknown|service_match_unresolved,H2
INV-H2-000978,978,review,False,contractual_dual_unit_unresolved|expected_total_unknown|service_match_unresolved,H2
INV-H2-000980,980,review,False,expected_total_unknown|service_match_unresolved,H2
INV-H2-000985,985,review,False,expected_total_unknown|service_match_unresolved,H2
INV-H2-000987,987,review,False,contractual_dual_unit_unresolved|expected_total_unknown|service_match_unresolved,H2
INV-H2-000988,988,review,False,expected_total_unknown|service_match_unresolved,H2
INV-H2-000989,989,erroneous,True,cap_actual_quantity_unknown|expected_total_unknown|service_match_unresolved,H2
INV-H2-000990,990,review,False,expected_total_unknown|service_match_unresolved,H2
INV-H2-000991,991,review,False,contractual_dual_unit_unresolved|expected_total_unknown|service_match_unresolved,H2
INV-H2-000994,994,review,False,duplicate_correction_not_approved_for_hospital|expected_total_unknown,H2
INV-H2-000996,996,review,False,bundle_eligibility_uncertain|delivered_quantity_or_duplicate_identity_uncertain|expected_total_unknown|retention_or_payable_quantity_requires_review|service_match_unresolved,H2
INV-H2-000998,998,review,False,bundle_eligibility_uncertain|expected_total_unknown|service_match_unresolved,H2
INV-H2-001006,1006,review,False,expected_total_unknown|service_match_unresolved,H2
INV-H2-001007,1007,review,False,expected_total_unknown|service_match_unresolved,H2
INV-H2-001008,1008,review,False,contractual_dual_unit_unresolved|expected_total_unknown|service_match_unresolved,H2
INV-H2-001011,1011,review,False,bundle_eligibility_uncertain|expected_total_unknown|service_match_unresolved,H2
INV-H2-001013,1013,review,False,contractual_dual_unit_unresolved|expected_total_unknown|service_match_unresolved,H2
INV-H2-001016,1016,review,False,expected_total_unknown|service_match_unresolved,H2
INV-H2-001017,1017,erroneous,True,bundle_eligibility_uncertain|exclusion_presence_uncertain|expected_total_unknown|retention_or_payable_quantity_requires_review|service_match_unresolved,H2
INV-H2-001021,1021,review,False,contractual_dual_unit_unresolved|expected_total_unknown|service_match_unresolved,H2
INV-H2-001022,1022,review,False,bundle_eligibility_uncertain|contractual_dual_unit_unresolved|expected_total_unknown|service_match_unresolved,H2
INV-H2-001023,1023,review,False,delivered_quantity_or_duplicate_identity_uncertain|expected_total_unknown|retention_or_payable_quantity_requires_review,H2
INV-H2-001024,1024,review,False,expected_total_unknown|service_match_unresolved,H2
INV-H2-001025,1025,review,False,expected_total_unknown|service_match_unresolved,H2
INV-H2-001028,1028,erroneous,True,contract_quantity_unknown_due_to_unit_mismatch|delivered_quantity_or_duplicate_identity_uncertain|expected_total_unknown|retention_or_payable_quantity_requires_review,H2
INV-H2-001029,1029,review,False,expected_total_unknown|service_match_unresolved,H2
INV-H2-001030,1030,erroneous,True,bundle_eligibility_uncertain|contract_quantity_unknown_due_to_unit_mismatch|delivered_quantity_or_duplicate_identity_uncertain|expected_total_unknown|premium_eligibility_uncertain|retention_or_payable_quantity_requires_review|service_match_unresolved,H2
INV-H2-001032,1032,review,False,exclusion_presence_uncertain|expected_total_unknown|retention_or_payable_quantity_requires_review|service_match_unresolved,H2
INV-H2-001033,1033,review,False,contractual_dual_unit_unresolved|expected_total_unknown|service_match_unresolved,H2
INV-H2-001034,1034,review,False,contractual_dual_unit_unresolved|delivered_quantity_or_duplicate_identity_uncertain|expected_total_unknown|premium_eligibility_uncertain|retention_or_payable_quantity_requires_review|service_match_unresolved,H2
INV-H2-001036,1036,review,False,delivered_quantity_or_duplicate_identity_uncertain|expected_total_unknown|retention_or_payable_quantity_requires_review,H2
INV-H2-001038,1038,erroneous,True,exclusion_presence_uncertain|expected_total_unknown|retention_or_payable_quantity_requires_review|service_match_unresolved,H2
INV-H2-001039,1039,review,False,contractual_dual_unit_unresolved|delivered_quantity_or_duplicate_identity_uncertain|exclusion_presence_uncertain|expected_total_unknown|retention_or_payable_quantity_requires_review|service_match_unresolved,H2
INV-H2-001041,1041,erroneous,True,contractual_dual_unit_unresolved|expected_total_unknown|service_match_unresolved,H2
INV-H2-001042,1042,review,False,exclusion_presence_uncertain|expected_total_unknown|retention_or_payable_quantity_requires_review,H2
INV-H2-001044,1044,erroneous,True,contract_quantity_unknown_due_to_unit_mismatch|delivered_quantity_or_duplicate_identity_uncertain|expected_total_unknown|retention_or_payable_quantity_requires_review|service_match_unresolved,H2
INV-H2-001045,1045,review,False,expected_total_unknown|service_match_unresolved,H2
INV-H2-001050,1050,review,False,expected_total_unknown|service_match_unresolved,H2
INV-H2-001054,1054,review,False,contractual_dual_unit_unresolved|expected_total_unknown|service_match_unresolved,H2
INV-H2-001055,1055,review,False,expected_total_unknown|service_match_unresolved,H2
INV-H2-001056,1056,review,False,contractual_dual_unit_unresolved|expected_total_unknown|service_match_unresolved,H2
INV-H2-001058,1058,review,False,contractual_dual_unit_unresolved|expected_total_unknown|service_match_unresolved,H2
INV-H2-001060,1060,review,False,expected_total_unknown|service_match_unresolved,H2
INV-H2-001063,1063,review,False,contractual_dual_unit_unresolved|expected_total_unknown|service_match_unresolved,H2
INV-H2-001064,1064,review,False,expected_total_unknown|service_match_unresolved,H2
INV-H2-001073,1073,erroneous,True,contract_quantity_unknown_due_to_unit_mismatch|contractual_dual_unit_unresolved|delivered_quantity_or_duplicate_identity_uncertain|expected_total_unknown|retention_or_payable_quantity_requires_review|service_match_unresolved,H2
INV-H2-001074,1074,review,False,contractual_dual_unit_unresolved|expected_total_unknown|service_match_unresolved,H2
INV-H2-001076,1076,review,False,expected_total_unknown|service_match_unresolved,H2
INV-H2-001077,1077,review,False,expected_total_unknown|service_match_unresolved,H2
INV-H2-001078,1078,review,False,bundle_eligibility_uncertain|expected_total_unknown|service_match_unresolved,H2
INV-H2-001081,1081,review,False,expected_total_unknown|service_match_unresolved,H2
INV-H2-001082,1082,review,False,bundle_eligibility_uncertain|contractual_dual_unit_unresolved|expected_total_unknown|service_match_unresolved,H2
INV-H2-001083,1083,review,False,delivered_quantity_or_duplicate_identity_uncertain|expected_total_unknown|retention_or_payable_quantity_requires_review|service_match_unresolved,H2
INV-H2-001086,1086,review,False,expected_total_unknown|service_match_unresolved,H2
INV-H2-001087,1087,review,False,contractual_dual_unit_unresolved|expected_total_unknown|service_match_unresolved,H2
INV-H2-001090,1090,review,False,expected_total_unknown|service_match_unresolved,H2
INV-H2-001095,1095,review,False,contractual_dual_unit_unresolved|expected_total_unknown|service_match_unresolved,H2
INV-H2-001098,1098,review,False,expected_total_unknown|service_match_unresolved,H2
INV-H2-001100,1100,review,False,expected_total_unknown|service_match_unresolved,H2
INV-H2-001102,1102,review,False,expected_total_unknown|service_match_unresolved,H2
INV-H2-001106,1106,review,False,expected_total_unknown|service_match_unresolved,H2
INV-H2-001107,1107,review,False,expected_total_unknown|service_match_unresolved,H2
INV-H2-001109,1109,erroneous,True,expected_total_unknown|service_match_unresolved,H2
INV-H2-001111,1111,review,False,contractual_dual_unit_unresolved|expected_total_unknown|service_match_unresolved,H2
INV-H2-001112,1112,review,False,contractual_dual_unit_unresolved|expected_total_unknown|service_match_unresolved,H2
INV-H2-001115,1115,review,False,expected_total_unknown|service_match_unresolved,H2
INV-H2-001117,1117,review,False,expected_total_unknown|service_match_unresolved,H2
INV-H2-001120,1120,review,False,expected_total_unknown|service_match_unresolved,H2
INV-H2-001123,1123,review,False,expected_total_unknown|service_match_unresolved,H2
INV-H2-001127,1127,review,False,bundle_eligibility_uncertain|expected_total_unknown|service_match_unresolved,H2
INV-H2-001128,1128,review,False,expected_total_unknown|service_match_unresolved,H2
INV-H2-001129,1129,review,False,expected_total_unknown|service_match_unresolved,H2
INV-H2-001130,1130,erroneous,True,contract_quantity_unknown_due_to_unit_mismatch|contractual_dual_unit_unresolved|delivered_quantity_or_duplicate_identity_uncertain|expected_total_unknown|retention_or_payable_quantity_requires_review|service_match_unresolved,H2
INV-H2-001131,1131,review,False,expected_total_unknown|service_match_unresolved,H2
INV-H2-001132,1132,review,False,expected_total_unknown|service_match_unresolved,H2
INV-H3-000008,8,review,False,contractual_dual_unit_unresolved|expected_total_unknown|service_match_unresolved,H3
INV-H3-000011,11,review,False,expected_total_unknown|service_match_unresolved,H3
INV-H3-000012,12,review,False,delivered_quantity_or_duplicate_identity_uncertain|expected_total_unknown|retention_or_payable_quantity_requires_review|service_match_unresolved,H3
INV-H3-000015,15,review,False,delivered_quantity_or_duplicate_identity_uncertain|expected_total_unknown|retention_or_payable_quantity_requires_review,H3
INV-H3-000016,16,review,False,expected_total_unknown|service_match_unresolved,H3
INV-H3-000017,17,erroneous,True,delivered_quantity_or_duplicate_identity_uncertain|expected_total_unknown|invalid_date_payability_requires_review|retention_or_payable_quantity_requires_review,H3
INV-H3-000018,18,review,False,delivered_quantity_or_duplicate_identity_uncertain|expected_total_unknown|retention_or_payable_quantity_requires_review,H3
INV-H3-000020,20,review,False,delivered_quantity_or_duplicate_identity_uncertain|expected_total_unknown|retention_or_payable_quantity_requires_review,H3
INV-H3-000021,21,erroneous,True,bundle_eligibility_uncertain|delivered_quantity_or_duplicate_identity_uncertain|exclusion_presence_uncertain|expected_total_unknown|invalid_date_payability_requires_review|invoice_identifier_join_ambiguous|missing_or_ambiguous_invoice_join|missing_patient_context|nonunique_invoice_id|premium_eligibility_uncertain|retention_or_payable_quantity_requires_review|volume_discount_uncertain,H3
INV-H3-000021,71,erroneous,True,bundle_eligibility_uncertain|delivered_quantity_or_duplicate_identity_uncertain|exclusion_presence_uncertain|expected_total_unknown|invalid_date_payability_requires_review|invoice_identifier_join_ambiguous|missing_or_ambiguous_invoice_join|missing_patient_context|nonunique_invoice_id|premium_eligibility_uncertain|retention_or_payable_quantity_requires_review|volume_discount_uncertain,H3
INV-H3-000023,23,review,False,delivered_quantity_or_duplicate_identity_uncertain|expected_total_unknown|retention_or_payable_quantity_requires_review,H3
INV-H3-000024,24,review,False,contractual_dual_unit_unresolved|expected_total_unknown|service_match_unresolved,H3
INV-H3-000026,26,review,False,expected_total_unknown|service_match_unresolved,H3
INV-H3-000027,27,review,False,expected_total_unknown|service_match_unresolved,H3
INV-H3-000029,29,erroneous,True,contract_quantity_unknown_due_to_unit_mismatch|delivered_quantity_or_duplicate_identity_uncertain|expected_total_unknown|retention_or_payable_quantity_requires_review,H3
INV-H3-000030,30,review,False,contractual_dual_unit_unresolved|expected_total_unknown|service_match_unresolved,H3
INV-H3-000031,31,review,False,expected_total_unknown|service_match_unresolved,H3
INV-H3-000038,38,erroneous,True,contractual_dual_unit_unresolved|expected_total_unknown|service_match_unresolved,H3
INV-H3-000042,42,review,False,contractual_dual_unit_unresolved|expected_total_unknown|service_match_unresolved,H3
INV-H3-000044,44,review,False,expected_total_unknown|volume_discount_uncertain,H3
INV-H3-000049,49,review,False,expected_total_unknown|service_match_unresolved|volume_discount_uncertain,H3
INV-H3-000051,51,review,False,expected_total_unknown|service_match_unresolved,H3
INV-H3-000052,52,review,False,exclusion_presence_uncertain|expected_total_unknown|retention_or_payable_quantity_requires_review,H3
INV-H3-000053,53,review,False,delivered_quantity_or_duplicate_identity_uncertain|expected_total_unknown|retention_or_payable_quantity_requires_review,H3
INV-H3-000062,62,erroneous,True,delivered_quantity_or_duplicate_identity_uncertain|duplicate_correction_not_approved_for_hospital|expected_total_unknown|retention_or_payable_quantity_requires_review,H3
INV-H3-000064,64,erroneous,True,delivered_quantity_or_duplicate_identity_uncertain|expected_total_unknown|invalid_date_payability_requires_review|retention_or_payable_quantity_requires_review,H3
INV-H3-000066,66,erroneous,True,delivered_quantity_or_duplicate_identity_uncertain|expected_total_unknown|retention_or_payable_quantity_requires_review|volume_discount_uncertain,H3
INV-H3-000067,67,erroneous,True,cap_actual_quantity_unknown|expected_total_unknown|volume_discount_uncertain,H3
INV-H3-000070,70,review,False,delivered_quantity_or_duplicate_identity_uncertain|expected_total_unknown|premium_eligibility_uncertain|retention_or_payable_quantity_requires_review|service_match_unresolved,H3
INV-H3-000072,72,review,False,exclusion_presence_uncertain|expected_total_unknown|retention_or_payable_quantity_requires_review,H3
INV-H3-000075,75,review,False,delivered_quantity_or_duplicate_identity_uncertain|expected_total_unknown|retention_or_payable_quantity_requires_review,H3
INV-H3-000077,77,review,False,expected_total_unknown|volume_discount_uncertain,H3
INV-H3-000078,78,review,False,expected_total_unknown|service_match_unresolved,H3
INV-H3-000082,82,review,False,delivered_quantity_or_duplicate_identity_uncertain|exclusion_presence_uncertain|expected_total_unknown|retention_or_payable_quantity_requires_review|volume_discount_uncertain,H3
INV-H3-000083,83,review,False,expected_total_unknown|volume_discount_uncertain,H3
INV-H3-000084,84,review,False,delivered_quantity_or_duplicate_identity_uncertain|expected_total_unknown|retention_or_payable_quantity_requires_review|service_match_unresolved,H3
INV-H3-000085,85,erroneous,True,bundle_eligibility_uncertain|delivered_quantity_or_duplicate_identity_uncertain|expected_total_unknown|invalid_date_payability_requires_review|invoice_identifier_join_ambiguous|missing_or_ambiguous_invoice_join|missing_patient_context|nonunique_invoice_id|premium_eligibility_uncertain|retention_or_payable_quantity_requires_review|volume_discount_uncertain,H3
INV-H3-000085,101,erroneous,True,bundle_eligibility_uncertain|delivered_quantity_or_duplicate_identity_uncertain|expected_total_unknown|invalid_date_payability_requires_review|invoice_identifier_join_ambiguous|missing_or_ambiguous_invoice_join|missing_patient_context|nonunique_invoice_id|premium_eligibility_uncertain|retention_or_payable_quantity_requires_review|volume_discount_uncertain,H3
INV-H3-000086,86,review,False,delivered_quantity_or_duplicate_identity_uncertain|expected_total_unknown|retention_or_payable_quantity_requires_review,H3
INV-H3-000087,87,review,False,exclusion_presence_uncertain|expected_total_unknown|retention_or_payable_quantity_requires_review,H3
INV-H3-000088,88,review,False,expected_total_unknown|service_match_unresolved,H3
INV-H3-000089,89,review,False,contractual_dual_unit_unresolved|expected_total_unknown|service_match_unresolved,H3
INV-H3-000090,90,review,False,contractual_dual_unit_unresolved|exclusion_presence_uncertain|expected_total_unknown|retention_or_payable_quantity_requires_review|service_match_unresolved,H3
INV-H3-000091,91,review,False,expected_total_unknown|volume_discount_uncertain,H3
INV-H3-000093,93,erroneous,True,bundle_eligibility_uncertain|cap_actual_quantity_unknown|delivered_quantity_or_duplicate_identity_uncertain|exclusion_presence_uncertain|expected_total_unknown|premium_eligibility_uncertain|retention_or_payable_quantity_requires_review|service_match_unresolved,H3
INV-H3-000094,94,review,False,expected_total_unknown|service_match_unresolved,H3
INV-H3-000095,95,review,False,expected_total_unknown|volume_discount_uncertain,H3
INV-H3-000096,96,review,False,exclusion_presence_uncertain|expected_total_unknown|retention_or_payable_quantity_requires_review|volume_discount_uncertain,H3
INV-H3-000098,98,review,False,exclusion_presence_uncertain|expected_total_unknown|retention_or_payable_quantity_requires_review|service_match_unresolved|volume_discount_uncertain,H3
INV-H3-000102,102,review,False,expected_total_unknown|volume_discount_uncertain,H3
INV-H3-000103,103,review,False,expected_total_unknown|volume_discount_uncertain,H3
INV-H3-000104,104,review,False,expected_total_unknown|service_match_unresolved|volume_discount_uncertain,H3
INV-H3-000106,106,review,False,expected_total_unknown|volume_discount_uncertain,H3
INV-H3-000107,107,review,False,delivered_quantity_or_duplicate_identity_uncertain|expected_total_unknown|retention_or_payable_quantity_requires_review|volume_discount_uncertain,H3
INV-H3-000108,108,review,False,contractual_dual_unit_unresolved|exclusion_presence_uncertain|expected_total_unknown|retention_or_payable_quantity_requires_review|service_match_unresolved|volume_discount_uncertain,H3
INV-H3-000109,109,erroneous,True,duplicate_correction_not_approved_for_hospital|exclusion_presence_uncertain|expected_total_unknown|retention_or_payable_quantity_requires_review|service_match_unresolved,H3
INV-H3-000110,110,review,False,exclusion_presence_uncertain|expected_total_unknown|retention_or_payable_quantity_requires_review|volume_discount_uncertain,H3
INV-H3-000111,111,review,False,exclusion_presence_uncertain|expected_total_unknown|retention_or_payable_quantity_requires_review,H3
INV-H3-000112,112,review,False,expected_total_unknown|volume_discount_uncertain,H3
INV-H3-000114,114,review,False,expected_total_unknown|volume_discount_uncertain,H3
INV-H3-000117,117,review,False,expected_total_unknown|volume_discount_uncertain,H3
INV-H3-000118,118,review,False,expected_total_unknown|volume_discount_uncertain,H3
INV-H3-000120,120,review,False,delivered_quantity_or_duplicate_identity_uncertain|expected_total_unknown|retention_or_payable_quantity_requires_review,H3
INV-H3-000123,123,review,False,expected_total_unknown|volume_discount_uncertain,H3
INV-H3-000124,124,review,False,expected_total_unknown|volume_discount_uncertain,H3
INV-H3-000125,125,review,False,delivered_quantity_or_duplicate_identity_uncertain|expected_total_unknown|retention_or_payable_quantity_requires_review|volume_discount_uncertain,H3
INV-H3-000126,126,review,False,delivered_quantity_or_duplicate_identity_uncertain|exclusion_presence_uncertain|expected_total_unknown|retention_or_payable_quantity_requires_review|service_match_unresolved|volume_discount_uncertain,H3
INV-H3-000127,127,review,False,delivered_quantity_or_duplicate_identity_uncertain|expected_total_unknown|retention_or_payable_quantity_requires_review|service_match_unresolved|volume_discount_uncertain,H3
INV-H3-000128,128,erroneous,True,expected_total_unknown|volume_discount_uncertain,H3
INV-H3-000129,129,review,False,expected_total_unknown|volume_discount_uncertain,H3
INV-H3-000130,130,review,False,expected_total_unknown|volume_discount_uncertain,H3
INV-H3-000131,131,review,False,expected_total_unknown|volume_discount_uncertain,H3
INV-H3-000132,132,review,False,expected_total_unknown|volume_discount_uncertain,H3
INV-H3-000134,134,review,False,expected_total_unknown|service_match_unresolved|volume_discount_uncertain,H3
INV-H3-000135,135,review,False,contractual_dual_unit_unresolved|exclusion_presence_uncertain|expected_total_unknown|retention_or_payable_quantity_requires_review|service_match_unresolved|volume_discount_uncertain,H3
INV-H3-000136,136,review,False,expected_total_unknown|volume_discount_uncertain,H3
INV-H3-000137,137,review,False,contractual_dual_unit_unresolved|expected_total_unknown|service_match_unresolved|volume_discount_uncertain,H3
INV-H3-000138,138,review,False,contractual_dual_unit_unresolved|delivered_quantity_or_duplicate_identity_uncertain|exclusion_presence_uncertain|expected_total_unknown|premium_eligibility_uncertain|retention_or_payable_quantity_requires_review|service_match_unresolved|volume_discount_uncertain,H3
INV-H3-000140,140,erroneous,True,expected_total_unknown|invalid_date_payability_requires_review|retention_or_payable_quantity_requires_review|volume_discount_uncertain,H3
INV-H3-000141,141,review,False,delivered_quantity_or_duplicate_identity_uncertain|expected_total_unknown|retention_or_payable_quantity_requires_review|volume_discount_uncertain,H3
INV-H3-000142,142,review,False,contractual_dual_unit_unresolved|expected_total_unknown|service_match_unresolved|volume_discount_uncertain,H3
INV-H3-000143,143,review,False,delivered_quantity_or_duplicate_identity_uncertain|expected_total_unknown|retention_or_payable_quantity_requires_review|volume_discount_uncertain,H3
INV-H3-000144,144,review,False,expected_total_unknown|service_match_unresolved|volume_discount_uncertain,H3
INV-H3-000146,146,review,False,expected_total_unknown|volume_discount_uncertain,H3
INV-H3-000147,147,review,False,contractual_dual_unit_unresolved|expected_total_unknown|service_match_unresolved|volume_discount_uncertain,H3
INV-H3-000148,148,erroneous,True,delivered_quantity_or_duplicate_identity_uncertain|exclusion_presence_uncertain|expected_total_unknown|invalid_date_payability_requires_review|invoice_identifier_join_ambiguous|missing_or_ambiguous_invoice_join|missing_patient_context|nonunique_invoice_id|premium_eligibility_uncertain|retention_or_payable_quantity_requires_review|volume_discount_uncertain,H3
INV-H3-000148,345,erroneous,True,delivered_quantity_or_duplicate_identity_uncertain|exclusion_presence_uncertain|expected_total_unknown|invalid_date_payability_requires_review|invoice_identifier_join_ambiguous|missing_or_ambiguous_invoice_join|missing_patient_context|nonunique_invoice_id|premium_eligibility_uncertain|retention_or_payable_quantity_requires_review|volume_discount_uncertain,H3
INV-H3-000149,149,review,False,expected_total_unknown|volume_discount_uncertain,H3
INV-H3-000150,150,review,False,expected_total_unknown|volume_discount_uncertain,H3
INV-H3-000151,151,review,False,expected_total_unknown|volume_discount_uncertain,H3
INV-H3-000152,152,review,False,expected_total_unknown|volume_discount_uncertain,H3
INV-H3-000154,154,review,False,expected_total_unknown|volume_discount_uncertain,H3
INV-H3-000155,155,review,False,expected_total_unknown|volume_discount_uncertain,H3
INV-H3-000156,156,review,False,contractual_dual_unit_unresolved|expected_total_unknown|service_match_unresolved|volume_discount_uncertain,H3
INV-H3-000157,157,review,False,expected_total_unknown|service_match_unresolved|volume_discount_uncertain,H3
INV-H3-000158,158,review,False,expected_total_unknown|service_match_unresolved|volume_discount_uncertain,H3
INV-H3-000159,159,review,False,contractual_dual_unit_unresolved|expected_total_unknown|service_match_unresolved|volume_discount_uncertain,H3
INV-H3-000160,160,review,False,expected_total_unknown|volume_discount_uncertain,H3
INV-H3-000161,161,review,False,expected_total_unknown|volume_discount_uncertain,H3
INV-H3-000163,163,review,False,expected_total_unknown|volume_discount_uncertain,H3
INV-H3-000164,164,review,False,expected_total_unknown|volume_discount_uncertain,H3
INV-H3-000165,165,review,False,expected_total_unknown|volume_discount_uncertain,H3
INV-H3-000167,167,review,False,expected_total_unknown|volume_discount_uncertain,H3
INV-H3-000168,168,review,False,expected_total_unknown|volume_discount_uncertain,H3
INV-H3-000169,169,review,False,expected_total_unknown|service_match_unresolved|volume_discount_uncertain,H3
INV-H3-000170,170,review,False,expected_total_unknown|volume_discount_uncertain,H3
INV-H3-000171,171,review,False,expected_total_unknown|volume_discount_uncertain,H3
INV-H3-000172,172,review,False,expected_total_unknown|service_match_unresolved|volume_discount_uncertain,H3
INV-H3-000173,173,review,False,delivered_quantity_or_duplicate_identity_uncertain|expected_total_unknown|retention_or_payable_quantity_requires_review|service_match_unresolved,H3
INV-H3-000174,174,review,False,expected_total_unknown|volume_discount_uncertain,H3
INV-H3-000175,175,review,False,expected_total_unknown|service_match_unresolved|volume_discount_uncertain,H3
INV-H3-000176,176,review,False,expected_total_unknown|volume_discount_uncertain,H3
INV-H3-000177,177,review,False,contractual_dual_unit_unresolved|expected_total_unknown|service_match_unresolved|volume_discount_uncertain,H3
INV-H3-000178,178,review,False,delivered_quantity_or_duplicate_identity_uncertain|expected_total_unknown|retention_or_payable_quantity_requires_review,H3
INV-H3-000179,179,review,False,expected_total_unknown|volume_discount_uncertain,H3
INV-H3-000180,180,review,False,expected_total_unknown|volume_discount_uncertain,H3
INV-H3-000181,181,review,False,expected_total_unknown|service_match_unresolved,H3
INV-H3-000182,182,review,False,expected_total_unknown|volume_discount_uncertain,H3
INV-H3-000183,183,review,False,delivered_quantity_or_duplicate_identity_uncertain|expected_total_unknown|retention_or_payable_quantity_requires_review|service_match_unresolved,H3
INV-H3-000184,184,review,False,contractual_dual_unit_unresolved|expected_total_unknown|service_match_unresolved|volume_discount_uncertain,H3
INV-H3-000185,185,review,False,expected_total_unknown|volume_discount_uncertain,H3
INV-H3-000187,187,review,False,expected_total_unknown|volume_discount_uncertain,H3
INV-H3-000188,188,review,False,expected_total_unknown|volume_discount_uncertain,H3
INV-H3-000190,190,review,False,delivered_quantity_or_duplicate_identity_uncertain|expected_total_unknown|retention_or_payable_quantity_requires_review|volume_discount_uncertain,H3
INV-H3-000193,193,review,False,expected_total_unknown|volume_discount_uncertain,H3
INV-H3-000194,194,review,False,delivered_quantity_or_duplicate_identity_uncertain|expected_total_unknown|retention_or_payable_quantity_requires_review|service_match_unresolved,H3
INV-H3-000195,195,review,False,expected_total_unknown|volume_discount_uncertain,H3
INV-H3-000196,196,review,False,expected_total_unknown|service_match_unresolved|volume_discount_uncertain,H3
INV-H3-000197,197,review,False,delivered_quantity_or_duplicate_identity_uncertain|expected_total_unknown|retention_or_payable_quantity_requires_review|volume_discount_uncertain,H3
INV-H3-000198,198,review,False,contractual_dual_unit_unresolved|delivered_quantity_or_duplicate_identity_uncertain|expected_total_unknown|retention_or_payable_quantity_requires_review|service_match_unresolved|volume_discount_uncertain,H3
INV-H3-000199,199,review,False,expected_total_unknown|volume_discount_uncertain,H3
INV-H3-000200,200,review,False,expected_total_unknown|volume_discount_uncertain,H3
INV-H3-000201,201,review,False,expected_total_unknown|volume_discount_uncertain,H3
INV-H3-000202,202,review,False,expected_total_unknown|volume_discount_uncertain,H3
INV-H3-000203,203,review,False,expected_total_unknown|volume_discount_uncertain,H3
INV-H3-000204,204,review,False,contractual_dual_unit_unresolved|expected_total_unknown|service_match_unresolved|volume_discount_uncertain,H3
INV-H3-000205,205,review,False,contractual_dual_unit_unresolved|expected_total_unknown|service_match_unresolved,H3
INV-H3-000207,207,review,False,expected_total_unknown|volume_discount_uncertain,H3
INV-H3-000209,209,review,False,expected_total_unknown|service_match_unresolved|volume_discount_uncertain,H3
INV-H3-000210,210,review,False,expected_total_unknown|service_match_unresolved|volume_discount_uncertain,H3
INV-H3-000212,212,review,False,delivered_quantity_or_duplicate_identity_uncertain|expected_total_unknown|retention_or_payable_quantity_requires_review|volume_discount_uncertain,H3
INV-H3-000214,214,erroneous,True,duplicate_correction_not_approved_for_hospital|expected_total_unknown|volume_discount_uncertain,H3
INV-H3-000215,215,review,False,contractual_dual_unit_unresolved|delivered_quantity_or_duplicate_identity_uncertain|expected_total_unknown|retention_or_payable_quantity_requires_review|service_match_unresolved|volume_discount_uncertain,H3
INV-H3-000216,216,review,False,contractual_dual_unit_unresolved|expected_total_unknown|service_match_unresolved,H3
INV-H3-000217,217,review,False,expected_total_unknown|volume_discount_uncertain,H3
INV-H3-000218,218,review,False,expected_total_unknown|volume_discount_uncertain,H3
INV-H3-000219,219,review,False,expected_total_unknown|volume_discount_uncertain,H3
INV-H3-000220,220,review,False,expected_total_unknown|service_match_unresolved|volume_discount_uncertain,H3
INV-H3-000221,221,erroneous,True,expected_total_unknown|invalid_date_payability_requires_review|retention_or_payable_quantity_requires_review|volume_discount_uncertain,H3
INV-H3-000222,222,erroneous,True,duplicate_correction_not_approved_for_hospital|expected_total_unknown,H3
INV-H3-000223,223,review,False,expected_total_unknown|service_match_unresolved|volume_discount_uncertain,H3
INV-H3-000224,224,review,False,expected_total_unknown|volume_discount_uncertain,H3
INV-H3-000225,225,review,False,expected_total_unknown|volume_discount_uncertain,H3
INV-H3-000226,226,erroneous,True,expected_total_unknown|volume_discount_uncertain,H3
INV-H3-000227,227,review,False,expected_total_unknown|volume_discount_uncertain,H3
INV-H3-000228,228,review,False,expected_total_unknown|service_match_unresolved|volume_discount_uncertain,H3
INV-H3-000229,229,review,False,expected_total_unknown|volume_discount_uncertain,H3
INV-H3-000230,230,review,False,expected_total_unknown|service_match_unresolved|volume_discount_uncertain,H3
INV-H3-000231,231,review,False,expected_total_unknown|volume_discount_uncertain,H3
INV-H3-000232,232,review,False,expected_total_unknown|service_match_unresolved|volume_discount_uncertain,H3
INV-H3-000234,234,review,False,expected_total_unknown|volume_discount_uncertain,H3
INV-H3-000236,236,erroneous,True,cap_actual_quantity_unknown|expected_total_unknown,H3
INV-H3-000237,237,review,False,expected_total_unknown|volume_discount_uncertain,H3
INV-H3-000238,238,review,False,expected_total_unknown|volume_discount_uncertain,H3
INV-H3-000239,239,review,False,expected_total_unknown|volume_discount_uncertain,H3
INV-H3-000240,240,review,False,contractual_dual_unit_unresolved|delivered_quantity_or_duplicate_identity_uncertain|expected_total_unknown|retention_or_payable_quantity_requires_review|service_match_unresolved|volume_discount_uncertain,H3
INV-H3-000243,243,review,False,delivered_quantity_or_duplicate_identity_uncertain|expected_total_unknown|retention_or_payable_quantity_requires_review|volume_discount_uncertain,H3
INV-H3-000244,244,review,False,expected_total_unknown|volume_discount_uncertain,H3
INV-H3-000245,245,review,False,expected_total_unknown|service_match_unresolved,H3
INV-H3-000246,246,review,False,expected_total_unknown|volume_discount_uncertain,H3
INV-H3-000248,248,review,False,expected_total_unknown|volume_discount_uncertain,H3
INV-H3-000249,249,review,False,expected_total_unknown|volume_discount_uncertain,H3
INV-H3-000250,250,review,False,expected_total_unknown|volume_discount_uncertain,H3
INV-H3-000251,251,review,False,expected_total_unknown|service_match_unresolved,H3
INV-H3-000252,252,review,False,expected_total_unknown|volume_discount_uncertain,H3
INV-H3-000254,254,review,False,delivered_quantity_or_duplicate_identity_uncertain|expected_total_unknown|retention_or_payable_quantity_requires_review,H3
INV-H3-000258,258,review,False,expected_total_unknown|volume_discount_uncertain,H3
INV-H3-000259,259,review,False,expected_total_unknown|volume_discount_uncertain,H3
INV-H3-000261,261,review,False,expected_total_unknown|volume_discount_uncertain,H3
INV-H3-000262,262,erroneous,True,expected_total_unknown|volume_discount_uncertain,H3
INV-H3-000263,263,review,False,expected_total_unknown|volume_discount_uncertain,H3
INV-H3-000264,264,review,False,expected_total_unknown|volume_discount_uncertain,H3
INV-H3-000265,265,review,False,expected_total_unknown|volume_discount_uncertain,H3
INV-H3-000266,266,review,False,expected_total_unknown|volume_discount_uncertain,H3
INV-H3-000269,269,review,False,expected_total_unknown|service_match_unresolved|volume_discount_uncertain,H3
INV-H3-000271,271,review,False,expected_total_unknown|volume_discount_uncertain,H3
INV-H3-000272,272,review,False,expected_total_unknown|volume_discount_uncertain,H3
INV-H3-000273,273,review,False,expected_total_unknown|volume_discount_uncertain,H3
INV-H3-000275,275,review,False,expected_total_unknown|volume_discount_uncertain,H3
INV-H3-000276,276,review,False,expected_total_unknown|volume_discount_uncertain,H3
INV-H3-000277,277,erroneous,True,contract_quantity_unknown_due_to_unit_mismatch|delivered_quantity_or_duplicate_identity_uncertain|duplicate_correction_not_approved_for_hospital|expected_total_unknown|invalid_date_payability_requires_review|retention_or_payable_quantity_requires_review|volume_discount_uncertain,H3
INV-H3-000280,280,review,False,expected_total_unknown|volume_discount_uncertain,H3
INV-H3-000281,281,review,False,expected_total_unknown|volume_discount_uncertain,H3
INV-H3-000282,282,review,False,exclusion_presence_uncertain|expected_total_unknown|retention_or_payable_quantity_requires_review|volume_discount_uncertain,H3
INV-H3-000283,283,erroneous,True,expected_total_unknown|volume_discount_uncertain,H3
INV-H3-000284,284,erroneous,True,contract_quantity_unknown_due_to_unit_mismatch|delivered_quantity_or_duplicate_identity_uncertain|exclusion_presence_uncertain|expected_total_unknown|premium_eligibility_uncertain|retention_or_payable_quantity_requires_review|service_match_unresolved|volume_discount_uncertain,H3
INV-H3-000285,285,review,False,expected_total_unknown|volume_discount_uncertain,H3
INV-H3-000286,286,review,False,delivered_quantity_or_duplicate_identity_uncertain|expected_total_unknown|retention_or_payable_quantity_requires_review,H3
INV-H3-000287,287,review,False,delivered_quantity_or_duplicate_identity_uncertain|exclusion_presence_uncertain|expected_total_unknown|retention_or_payable_quantity_requires_review|volume_discount_uncertain,H3
INV-H3-000288,288,review,False,delivered_quantity_or_duplicate_identity_uncertain|expected_total_unknown|retention_or_payable_quantity_requires_review|service_match_unresolved|volume_discount_uncertain,H3
INV-H3-000290,290,review,False,expected_total_unknown|volume_discount_uncertain,H3
INV-H3-000291,291,review,False,expected_total_unknown|volume_discount_uncertain,H3
INV-H3-000293,293,review,False,expected_total_unknown|volume_discount_uncertain,H3
INV-H3-000295,295,review,False,expected_total_unknown|volume_discount_uncertain,H3
INV-H3-000296,296,review,False,contractual_dual_unit_unresolved|expected_total_unknown|service_match_unresolved,H3
INV-H3-000297,297,review,False,expected_total_unknown|volume_discount_uncertain,H3
INV-H3-000299,299,review,False,expected_total_unknown|volume_discount_uncertain,H3
INV-H3-000300,300,review,False,expected_total_unknown|service_match_unresolved|volume_discount_uncertain,H3
INV-H3-000303,303,review,False,delivered_quantity_or_duplicate_identity_uncertain|exclusion_presence_uncertain|expected_total_unknown|retention_or_payable_quantity_requires_review,H3
INV-H3-000304,304,review,False,expected_total_unknown|service_match_unresolved|volume_discount_uncertain,H3
INV-H3-000305,305,review,False,expected_total_unknown|service_match_unresolved|volume_discount_uncertain,H3
INV-H3-000306,306,review,False,expected_total_unknown|volume_discount_uncertain,H3
INV-H3-000308,308,review,False,contractual_dual_unit_unresolved|exclusion_presence_uncertain|expected_total_unknown|retention_or_payable_quantity_requires_review|service_match_unresolved,H3
INV-H3-000310,310,review,False,expected_total_unknown|volume_discount_uncertain,H3
INV-H3-000311,311,review,False,contractual_dual_unit_unresolved|expected_total_unknown|service_match_unresolved,H3
INV-H3-000312,312,review,False,contractual_dual_unit_unresolved|delivered_quantity_or_duplicate_identity_uncertain|expected_total_unknown|retention_or_payable_quantity_requires_review|service_match_unresolved,H3
INV-H3-000314,314,review,False,expected_total_unknown|volume_discount_uncertain,H3
INV-H3-000315,315,review,False,expected_total_unknown|service_match_unresolved|volume_discount_uncertain,H3
INV-H3-000318,318,review,False,expected_total_unknown|volume_discount_uncertain,H3
INV-H3-000319,319,review,False,delivered_quantity_or_duplicate_identity_uncertain|expected_total_unknown|retention_or_payable_quantity_requires_review,H3
INV-H3-000322,322,review,False,delivered_quantity_or_duplicate_identity_uncertain|expected_total_unknown|retention_or_payable_quantity_requires_review|volume_discount_uncertain,H3
INV-H3-000323,323,review,False,delivered_quantity_or_duplicate_identity_uncertain|expected_total_unknown|retention_or_payable_quantity_requires_review,H3
INV-H3-000324,324,erroneous,True,bundle_eligibility_uncertain|delivered_quantity_or_duplicate_identity_uncertain|expected_total_unknown|invalid_date_payability_requires_review|invoice_identifier_join_ambiguous|missing_or_ambiguous_invoice_join|missing_patient_context|nonunique_invoice_id|premium_eligibility_uncertain|retention_or_payable_quantity_requires_review|volume_discount_uncertain,H3
INV-H3-000324,704,erroneous,True,bundle_eligibility_uncertain|delivered_quantity_or_duplicate_identity_uncertain|expected_total_unknown|invalid_date_payability_requires_review|invoice_identifier_join_ambiguous|missing_or_ambiguous_invoice_join|missing_patient_context|nonunique_invoice_id|premium_eligibility_uncertain|retention_or_payable_quantity_requires_review|volume_discount_uncertain,H3
INV-H3-000328,328,review,False,delivered_quantity_or_duplicate_identity_uncertain|expected_total_unknown|retention_or_payable_quantity_requires_review|volume_discount_uncertain,H3
INV-H3-000331,331,review,False,expected_total_unknown|volume_discount_uncertain,H3
INV-H3-000332,332,erroneous,True,delivered_quantity_or_duplicate_identity_uncertain|exclusion_presence_uncertain|expected_total_unknown|invalid_date_payability_requires_review|retention_or_payable_quantity_requires_review|volume_discount_uncertain,H3
INV-H3-000334,334,erroneous,True,delivered_quantity_or_duplicate_identity_uncertain|exclusion_presence_uncertain|expected_total_unknown|invalid_date_payability_requires_review|invoice_identifier_join_ambiguous|missing_or_ambiguous_invoice_join|missing_patient_context|nonunique_invoice_id|premium_eligibility_uncertain|retention_or_payable_quantity_requires_review|service_match_unresolved,H3
INV-H3-000334,444,erroneous,True,delivered_quantity_or_duplicate_identity_uncertain|exclusion_presence_uncertain|expected_total_unknown|invalid_date_payability_requires_review|invoice_identifier_join_ambiguous|missing_or_ambiguous_invoice_join|missing_patient_context|nonunique_invoice_id|premium_eligibility_uncertain|retention_or_payable_quantity_requires_review|service_match_unresolved,H3
INV-H3-000335,335,review,False,exclusion_presence_uncertain|expected_total_unknown|retention_or_payable_quantity_requires_review|service_match_unresolved,H3
INV-H3-000336,336,review,False,delivered_quantity_or_duplicate_identity_uncertain|expected_total_unknown|retention_or_payable_quantity_requires_review|volume_discount_uncertain,H3
INV-H3-000337,337,review,False,delivered_quantity_or_duplicate_identity_uncertain|expected_total_unknown|retention_or_payable_quantity_requires_review,H3
INV-H3-000338,338,review,False,exclusion_presence_uncertain|expected_total_unknown|retention_or_payable_quantity_requires_review,H3
INV-H3-000339,339,review,False,expected_total_unknown|volume_discount_uncertain,H3
INV-H3-000340,340,erroneous,True,expected_total_unknown|volume_discount_uncertain,H3
INV-H3-000342,342,review,False,expected_total_unknown|service_match_unresolved|volume_discount_uncertain,H3
INV-H3-000343,343,review,False,expected_total_unknown|volume_discount_uncertain,H3
INV-H3-000347,347,erroneous,True,cap_actual_quantity_unknown|contract_quantity_unknown_due_to_unit_mismatch|delivered_quantity_or_duplicate_identity_uncertain|exclusion_presence_uncertain|expected_total_unknown|premium_eligibility_uncertain|retention_or_payable_quantity_requires_review,H3
INV-H3-000350,350,review,False,delivered_quantity_or_duplicate_identity_uncertain|exclusion_presence_uncertain|expected_total_unknown|retention_or_payable_quantity_requires_review|volume_discount_uncertain,H3
INV-H3-000351,351,erroneous,True,delivered_quantity_or_duplicate_identity_uncertain|exclusion_presence_uncertain|expected_total_unknown|invalid_date_payability_requires_review|retention_or_payable_quantity_requires_review|volume_discount_uncertain,H3
INV-H3-000352,352,erroneous,True,bundle_eligibility_uncertain|delivered_quantity_or_duplicate_identity_uncertain|exclusion_presence_uncertain|expected_total_unknown|invalid_date_payability_requires_review|invoice_identifier_join_ambiguous|missing_or_ambiguous_invoice_join|missing_patient_context|nonunique_invoice_id|premium_eligibility_uncertain|retention_or_payable_quantity_requires_review|service_match_unresolved|volume_discount_uncertain,H3
INV-H3-000352,653,erroneous,True,bundle_eligibility_uncertain|delivered_quantity_or_duplicate_identity_uncertain|exclusion_presence_uncertain|expected_total_unknown|invalid_date_payability_requires_review|invoice_identifier_join_ambiguous|missing_or_ambiguous_invoice_join|missing_patient_context|nonunique_invoice_id|premium_eligibility_uncertain|retention_or_payable_quantity_requires_review|service_match_unresolved|volume_discount_uncertain,H3
INV-H3-000353,353,review,False,exclusion_presence_uncertain|expected_total_unknown|retention_or_payable_quantity_requires_review,H3
INV-H3-000354,354,review,False,expected_total_unknown|volume_discount_uncertain,H3
INV-H3-000356,356,review,False,exclusion_presence_uncertain|expected_total_unknown|retention_or_payable_quantity_requires_review,H3
INV-H3-000358,358,review,False,expected_total_unknown|volume_discount_uncertain,H3
INV-H3-000362,362,review,False,exclusion_presence_uncertain|expected_total_unknown|retention_or_payable_quantity_requires_review,H3
INV-H3-000363,363,review,False,exclusion_presence_uncertain|expected_total_unknown|retention_or_payable_quantity_requires_review,H3
INV-H3-000367,367,erroneous,True,contract_quantity_unknown_due_to_unit_mismatch|delivered_quantity_or_duplicate_identity_uncertain|expected_total_unknown|retention_or_payable_quantity_requires_review|volume_discount_uncertain,H3
INV-H3-000368,368,review,False,exclusion_presence_uncertain|expected_total_unknown|retention_or_payable_quantity_requires_review|volume_discount_uncertain,H3
INV-H3-000371,371,erroneous,True,contract_quantity_unknown_due_to_unit_mismatch|delivered_quantity_or_duplicate_identity_uncertain|exclusion_presence_uncertain|expected_total_unknown|invalid_date_payability_requires_review|retention_or_payable_quantity_requires_review,H3
INV-H3-000372,372,review,False,exclusion_presence_uncertain|expected_total_unknown|retention_or_payable_quantity_requires_review|volume_discount_uncertain,H3
INV-H3-000375,375,erroneous,True,expected_total_unknown|volume_discount_uncertain,H3
INV-H3-000376,376,review,False,delivered_quantity_or_duplicate_identity_uncertain|expected_total_unknown|retention_or_payable_quantity_requires_review|volume_discount_uncertain,H3
INV-H3-000378,378,review,False,contractual_dual_unit_unresolved|expected_total_unknown|service_match_unresolved,H3
INV-H3-000379,379,review,False,exclusion_presence_uncertain|expected_total_unknown|retention_or_payable_quantity_requires_review,H3
INV-H3-000380,380,review,False,exclusion_presence_uncertain|expected_total_unknown|retention_or_payable_quantity_requires_review,H3
INV-H3-000381,381,erroneous,True,bundle_eligibility_uncertain|delivered_quantity_or_duplicate_identity_uncertain|exclusion_presence_uncertain|expected_total_unknown|invalid_date_payability_requires_review|invoice_identifier_join_ambiguous|missing_or_ambiguous_invoice_join|missing_patient_context|nonunique_invoice_id|premium_eligibility_uncertain|retention_or_payable_quantity_requires_review,H3
INV-H3-000381,451,erroneous,True,bundle_eligibility_uncertain|delivered_quantity_or_duplicate_identity_uncertain|exclusion_presence_uncertain|expected_total_unknown|invalid_date_payability_requires_review|invoice_identifier_join_ambiguous|missing_or_ambiguous_invoice_join|missing_patient_context|nonunique_invoice_id|premium_eligibility_uncertain|retention_or_payable_quantity_requires_review,H3
INV-H3-000383,383,review,False,expected_total_unknown|volume_discount_uncertain,H3
INV-H3-000386,386,review,False,exclusion_presence_uncertain|expected_total_unknown|retention_or_payable_quantity_requires_review|volume_discount_uncertain,H3
INV-H3-000387,387,review,False,exclusion_presence_uncertain|expected_total_unknown|retention_or_payable_quantity_requires_review,H3
INV-H3-000388,388,review,False,expected_total_unknown|volume_discount_uncertain,H3
INV-H3-000389,389,review,False,expected_total_unknown|service_match_unresolved|volume_discount_uncertain,H3
INV-H3-000391,391,review,False,exclusion_presence_uncertain|expected_total_unknown|retention_or_payable_quantity_requires_review|volume_discount_uncertain,H3
INV-H3-000392,392,review,False,expected_total_unknown|service_match_unresolved,H3
INV-H3-000394,394,review,False,expected_total_unknown|volume_discount_uncertain,H3
INV-H3-000395,395,review,False,expected_total_unknown|volume_discount_uncertain,H3
INV-H3-000397,397,review,False,expected_total_unknown|volume_discount_uncertain,H3
INV-H3-000398,398,review,False,expected_total_unknown|volume_discount_uncertain,H3
INV-H3-000399,399,review,False,expected_total_unknown|volume_discount_uncertain,H3
INV-H3-000400,400,review,False,expected_total_unknown|volume_discount_uncertain,H3
INV-H3-000404,404,review,False,contractual_dual_unit_unresolved|expected_total_unknown|service_match_unresolved,H3
INV-H3-000412,412,review,False,expected_total_unknown|volume_discount_uncertain,H3
INV-H3-000413,413,review,False,expected_total_unknown|volume_discount_uncertain,H3
INV-H3-000414,414,review,False,exclusion_presence_uncertain|expected_total_unknown|retention_or_payable_quantity_requires_review,H3
INV-H3-000416,416,review,False,expected_total_unknown|volume_discount_uncertain,H3
INV-H3-000417,417,review,False,expected_total_unknown|service_match_unresolved,H3
INV-H3-000421,421,review,False,contractual_dual_unit_unresolved|expected_total_unknown|service_match_unresolved|volume_discount_uncertain,H3
INV-H3-000424,424,review,False,exclusion_presence_uncertain|expected_total_unknown|retention_or_payable_quantity_requires_review,H3
INV-H3-000425,425,erroneous,True,contract_quantity_unknown_due_to_unit_mismatch|delivered_quantity_or_duplicate_identity_uncertain|expected_total_unknown|premium_eligibility_uncertain|retention_or_payable_quantity_requires_review,H3
INV-H3-000426,426,review,False,contractual_dual_unit_unresolved|expected_total_unknown|service_match_unresolved,H3
INV-H3-000427,427,erroneous,True,cap_actual_quantity_unknown|expected_total_unknown|volume_discount_uncertain,H3
INV-H3-000428,428,review,False,expected_total_unknown|volume_discount_uncertain,H3
INV-H3-000429,429,review,False,contractual_dual_unit_unresolved|expected_total_unknown|service_match_unresolved,H3
INV-H3-000430,430,review,False,contractual_dual_unit_unresolved|expected_total_unknown|service_match_unresolved,H3
INV-H3-000432,432,review,False,expected_total_unknown|service_match_unresolved,H3
INV-H3-000433,433,review,False,expected_total_unknown|service_match_unresolved,H3
INV-H3-000435,435,review,False,delivered_quantity_or_duplicate_identity_uncertain|expected_total_unknown|retention_or_payable_quantity_requires_review|volume_discount_uncertain,H3
INV-H3-000436,436,review,False,delivered_quantity_or_duplicate_identity_uncertain|expected_total_unknown|retention_or_payable_quantity_requires_review,H3
INV-H3-000437,437,review,False,delivered_quantity_or_duplicate_identity_uncertain|expected_total_unknown|retention_or_payable_quantity_requires_review,H3
INV-H3-000439,439,review,False,contractual_dual_unit_unresolved|expected_total_unknown|service_match_unresolved,H3
INV-H3-000442,442,review,False,exclusion_presence_uncertain|expected_total_unknown|retention_or_payable_quantity_requires_review,H3
INV-H3-000443,443,review,False,contractual_dual_unit_unresolved|expected_total_unknown|service_match_unresolved,H3
INV-H3-000445,445,review,False,exclusion_presence_uncertain|expected_total_unknown|retention_or_payable_quantity_requires_review,H3
INV-H3-000447,447,review,False,contractual_dual_unit_unresolved|expected_total_unknown|service_match_unresolved|volume_discount_uncertain,H3
INV-H3-000448,448,review,False,delivered_quantity_or_duplicate_identity_uncertain|expected_total_unknown|retention_or_payable_quantity_requires_review|volume_discount_uncertain,H3
INV-H3-000449,449,review,False,expected_total_unknown|service_match_unresolved|volume_discount_uncertain,H3
INV-H3-000450,450,erroneous,True,contractual_dual_unit_unresolved|delivered_quantity_or_duplicate_identity_uncertain|expected_total_unknown|retention_or_payable_quantity_requires_review|service_match_unresolved,H3
INV-H3-000452,452,review,False,delivered_quantity_or_duplicate_identity_uncertain|expected_total_unknown|retention_or_payable_quantity_requires_review,H3
INV-H3-000453,453,review,False,exclusion_presence_uncertain|expected_total_unknown|retention_or_payable_quantity_requires_review|volume_discount_uncertain,H3
INV-H3-000454,454,review,False,delivered_quantity_or_duplicate_identity_uncertain|expected_total_unknown|retention_or_payable_quantity_requires_review,H3
INV-H3-000455,455,review,False,expected_total_unknown|service_match_unresolved,H3
INV-H3-000456,456,review,False,contractual_dual_unit_unresolved|exclusion_presence_uncertain|expected_total_unknown|retention_or_payable_quantity_requires_review|service_match_unresolved|volume_discount_uncertain,H3
INV-H3-000457,457,review,False,delivered_quantity_or_duplicate_identity_uncertain|expected_total_unknown|premium_eligibility_uncertain|retention_or_payable_quantity_requires_review,H3
INV-H3-000459,459,review,False,contractual_dual_unit_unresolved|expected_total_unknown|service_match_unresolved,H3
INV-H3-000460,460,review,False,delivered_quantity_or_duplicate_identity_uncertain|expected_total_unknown|retention_or_payable_quantity_requires_review,H3
INV-H3-000463,463,review,False,delivered_quantity_or_duplicate_identity_uncertain|expected_total_unknown|retention_or_payable_quantity_requires_review,H3
INV-H3-000464,464,review,False,contractual_dual_unit_unresolved|expected_total_unknown|service_match_unresolved,H3
INV-H3-000465,465,review,False,expected_total_unknown|service_match_unresolved,H3
INV-H3-000467,467,review,False,delivered_quantity_or_duplicate_identity_uncertain|expected_total_unknown|retention_or_payable_quantity_requires_review,H3
INV-H3-000469,469,review,False,expected_total_unknown|volume_discount_uncertain,H3
INV-H3-000471,471,review,False,contractual_dual_unit_unresolved|delivered_quantity_or_duplicate_identity_uncertain|expected_total_unknown|premium_eligibility_uncertain|retention_or_payable_quantity_requires_review|service_match_unresolved,H3
INV-H3-000475,475,review,False,delivered_quantity_or_duplicate_identity_uncertain|expected_total_unknown|retention_or_payable_quantity_requires_review,H3
INV-H3-000476,476,review,False,exclusion_presence_uncertain|expected_total_unknown|retention_or_payable_quantity_requires_review,H3
INV-H3-000477,477,review,False,delivered_quantity_or_duplicate_identity_uncertain|expected_total_unknown|retention_or_payable_quantity_requires_review,H3
INV-H3-000479,479,review,False,contractual_dual_unit_unresolved|expected_total_unknown|service_match_unresolved,H3
INV-H3-000481,481,review,False,delivered_quantity_or_duplicate_identity_uncertain|expected_total_unknown|retention_or_payable_quantity_requires_review,H3
INV-H3-000482,482,review,False,contractual_dual_unit_unresolved|expected_total_unknown|service_match_unresolved|volume_discount_uncertain,H3
INV-H3-000485,485,review,False,delivered_quantity_or_duplicate_identity_uncertain|expected_total_unknown|retention_or_payable_quantity_requires_review,H3
INV-H3-000486,486,review,False,delivered_quantity_or_duplicate_identity_uncertain|expected_total_unknown|retention_or_payable_quantity_requires_review,H3
INV-H3-000487,487,review,False,delivered_quantity_or_duplicate_identity_uncertain|expected_total_unknown|premium_eligibility_uncertain|retention_or_payable_quantity_requires_review,H3
INV-H3-000489,489,review,False,exclusion_presence_uncertain|expected_total_unknown|retention_or_payable_quantity_requires_review,H3
INV-H3-000490,490,review,False,delivered_quantity_or_duplicate_identity_uncertain|expected_total_unknown|retention_or_payable_quantity_requires_review,H3
INV-H3-000491,491,review,False,expected_total_unknown|volume_discount_uncertain,H3
INV-H3-000492,492,review,False,delivered_quantity_or_duplicate_identity_uncertain|expected_total_unknown|retention_or_payable_quantity_requires_review,H3
INV-H3-000494,494,review,False,delivered_quantity_or_duplicate_identity_uncertain|expected_total_unknown|retention_or_payable_quantity_requires_review,H3
INV-H3-000495,495,review,False,delivered_quantity_or_duplicate_identity_uncertain|exclusion_presence_uncertain|expected_total_unknown|premium_eligibility_uncertain|retention_or_payable_quantity_requires_review|service_match_unresolved,H3
INV-H3-000496,496,review,False,delivered_quantity_or_duplicate_identity_uncertain|expected_total_unknown|retention_or_payable_quantity_requires_review,H3
INV-H3-000497,497,review,False,contractual_dual_unit_unresolved|delivered_quantity_or_duplicate_identity_uncertain|expected_total_unknown|retention_or_payable_quantity_requires_review|service_match_unresolved,H3
INV-H3-000498,498,review,False,expected_total_unknown|service_match_unresolved,H3
INV-H3-000499,499,review,False,expected_total_unknown|service_match_unresolved,H3
INV-H3-000500,500,review,False,delivered_quantity_or_duplicate_identity_uncertain|expected_total_unknown|retention_or_payable_quantity_requires_review,H3
INV-H3-000501,501,review,False,delivered_quantity_or_duplicate_identity_uncertain|expected_total_unknown|retention_or_payable_quantity_requires_review|service_match_unresolved,H3
INV-H3-000502,502,review,False,exclusion_presence_uncertain|expected_total_unknown|retention_or_payable_quantity_requires_review,H3
INV-H3-000506,506,review,False,expected_total_unknown|service_match_unresolved|volume_discount_uncertain,H3
INV-H3-000507,507,review,False,delivered_quantity_or_duplicate_identity_uncertain|expected_total_unknown|retention_or_payable_quantity_requires_review,H3
INV-H3-000511,511,erroneous,True,expected_total_unknown|invalid_date_payability_requires_review|retention_or_payable_quantity_requires_review,H3
INV-H3-000515,515,review,False,delivered_quantity_or_duplicate_identity_uncertain|expected_total_unknown|retention_or_payable_quantity_requires_review,H3
INV-H3-000517,517,review,False,expected_total_unknown|volume_discount_uncertain,H3
INV-H3-000519,519,erroneous,True,contract_quantity_unknown_due_to_unit_mismatch|delivered_quantity_or_duplicate_identity_uncertain|exclusion_presence_uncertain|expected_total_unknown|invalid_date_payability_requires_review|premium_eligibility_uncertain|retention_or_payable_quantity_requires_review|service_match_unresolved,H3
INV-H3-000520,520,review,False,expected_total_unknown|service_match_unresolved,H3
INV-H3-000521,521,review,False,contractual_dual_unit_unresolved|expected_total_unknown|service_match_unresolved,H3
INV-H3-000528,528,erroneous,True,contract_quantity_unknown_due_to_unit_mismatch|delivered_quantity_or_duplicate_identity_uncertain|expected_total_unknown|retention_or_payable_quantity_requires_review,H3
INV-H3-000530,530,review,False,contractual_dual_unit_unresolved|expected_total_unknown|service_match_unresolved,H3
INV-H3-000535,535,review,False,delivered_quantity_or_duplicate_identity_uncertain|expected_total_unknown|retention_or_payable_quantity_requires_review,H3
INV-H3-000536,536,review,False,contractual_dual_unit_unresolved|expected_total_unknown|service_match_unresolved,H3
INV-H3-000538,538,review,False,expected_total_unknown|volume_discount_uncertain,H3
INV-H3-000539,539,review,False,expected_total_unknown|service_match_unresolved|volume_discount_uncertain,H3
INV-H3-000542,542,review,False,contractual_dual_unit_unresolved|expected_total_unknown|service_match_unresolved,H3
INV-H3-000545,545,review,False,delivered_quantity_or_duplicate_identity_uncertain|expected_total_unknown|retention_or_payable_quantity_requires_review,H3
INV-H3-000546,546,review,False,expected_total_unknown|volume_discount_uncertain,H3
INV-H3-000551,551,review,False,contractual_dual_unit_unresolved|expected_total_unknown|service_match_unresolved,H3
INV-H3-000553,553,review,False,contractual_dual_unit_unresolved|expected_total_unknown|service_match_unresolved,H3
INV-H3-000555,555,review,False,expected_total_unknown|service_match_unresolved,H3
INV-H3-000558,558,review,False,delivered_quantity_or_duplicate_identity_uncertain|expected_total_unknown|retention_or_payable_quantity_requires_review,H3
INV-H3-000561,561,review,False,delivered_quantity_or_duplicate_identity_uncertain|expected_total_unknown|retention_or_payable_quantity_requires_review,H3
INV-H3-000562,562,review,False,delivered_quantity_or_duplicate_identity_uncertain|expected_total_unknown|retention_or_payable_quantity_requires_review,H3
INV-H3-000564,564,review,False,expected_total_unknown|service_match_unresolved,H3
INV-H3-000565,565,erroneous,True,cap_actual_quantity_unknown|expected_total_unknown|service_match_unresolved,H3
INV-H3-000566,566,review,False,expected_total_unknown|service_match_unresolved,H3
INV-H3-000567,567,review,False,expected_total_unknown|volume_discount_uncertain,H3
INV-H3-000569,569,review,False,delivered_quantity_or_duplicate_identity_uncertain|expected_total_unknown|retention_or_payable_quantity_requires_review|volume_discount_uncertain,H3
INV-H3-000571,571,review,False,expected_total_unknown|service_match_unresolved,H3
INV-H3-000572,572,review,False,expected_total_unknown|service_match_unresolved,H3
INV-H3-000581,581,review,False,expected_total_unknown|service_match_unresolved,H3
INV-H3-000582,582,review,False,delivered_quantity_or_duplicate_identity_uncertain|expected_total_unknown|retention_or_payable_quantity_requires_review,H3
INV-H3-000585,585,review,False,contractual_dual_unit_unresolved|expected_total_unknown|service_match_unresolved,H3
INV-H3-000587,587,review,False,expected_total_unknown|service_match_unresolved,H3
INV-H3-000588,588,review,False,expected_total_unknown|service_match_unresolved,H3
INV-H3-000590,590,review,False,delivered_quantity_or_duplicate_identity_uncertain|expected_total_unknown|retention_or_payable_quantity_requires_review,H3
INV-H3-000595,595,review,False,expected_total_unknown|service_match_unresolved,H3
INV-H3-000598,598,review,False,expected_total_unknown|service_match_unresolved,H3
INV-H3-000600,600,erroneous,True,exclusion_presence_uncertain|expected_total_unknown|retention_or_payable_quantity_requires_review,H3
INV-H3-000601,601,review,False,contractual_dual_unit_unresolved|expected_total_unknown|service_match_unresolved,H3
INV-H3-000603,603,review,False,expected_total_unknown|service_match_unresolved,H3
INV-H3-000605,605,review,False,delivered_quantity_or_duplicate_identity_uncertain|expected_total_unknown|retention_or_payable_quantity_requires_review,H3
INV-H3-000607,607,review,False,expected_total_unknown|service_match_unresolved,H3
INV-H3-000610,610,review,False,contractual_dual_unit_unresolved|expected_total_unknown|service_match_unresolved,H3
INV-H3-000611,611,review,False,expected_total_unknown|service_match_unresolved,H3
INV-H3-000615,615,review,False,contractual_dual_unit_unresolved|expected_total_unknown|service_match_unresolved,H3
INV-H3-000617,617,review,False,expected_total_unknown|volume_discount_uncertain,H3
INV-H3-000618,618,review,False,expected_total_unknown|volume_discount_uncertain,H3
INV-H3-000619,619,erroneous,True,delivered_quantity_or_duplicate_identity_uncertain|duplicate_correction_not_approved_for_hospital|exclusion_presence_uncertain|expected_total_unknown|premium_eligibility_uncertain|retention_or_payable_quantity_requires_review|service_match_unresolved,H3
INV-H3-000621,621,review,False,delivered_quantity_or_duplicate_identity_uncertain|expected_total_unknown|retention_or_payable_quantity_requires_review,H3
INV-H3-000625,625,review,False,expected_total_unknown|service_match_unresolved|volume_discount_uncertain,H3
INV-H3-000628,628,review,False,contractual_dual_unit_unresolved|expected_total_unknown|service_match_unresolved,H3
INV-H3-000630,630,review,False,exclusion_presence_uncertain|expected_total_unknown|retention_or_payable_quantity_requires_review,H3
INV-H3-000635,635,review,False,delivered_quantity_or_duplicate_identity_uncertain|expected_total_unknown|retention_or_payable_quantity_requires_review|service_match_unresolved,H3
INV-H3-000640,640,review,False,exclusion_presence_uncertain|expected_total_unknown|retention_or_payable_quantity_requires_review,H3
INV-H3-000641,641,review,False,exclusion_presence_uncertain|expected_total_unknown|retention_or_payable_quantity_requires_review,H3
INV-H3-000642,642,review,False,delivered_quantity_or_duplicate_identity_uncertain|expected_total_unknown|retention_or_payable_quantity_requires_review,H3
INV-H3-000643,643,review,False,contractual_dual_unit_unresolved|delivered_quantity_or_duplicate_identity_uncertain|expected_total_unknown|retention_or_payable_quantity_requires_review|service_match_unresolved,H3
INV-H3-000652,652,review,False,delivered_quantity_or_duplicate_identity_uncertain|expected_total_unknown|retention_or_payable_quantity_requires_review|service_match_unresolved,H3
INV-H3-000654,654,review,False,delivered_quantity_or_duplicate_identity_uncertain|expected_total_unknown|retention_or_payable_quantity_requires_review,H3
INV-H3-000657,657,review,False,delivered_quantity_or_duplicate_identity_uncertain|expected_total_unknown|retention_or_payable_quantity_requires_review,H3
INV-H3-000662,662,review,False,exclusion_presence_uncertain|expected_total_unknown|retention_or_payable_quantity_requires_review|volume_discount_uncertain,H3
INV-H3-000663,663,review,False,expected_total_unknown|service_match_unresolved,H3
INV-H3-000665,665,review,False,expected_total_unknown|service_match_unresolved,H3
INV-H3-000671,671,review,False,expected_total_unknown|service_match_unresolved,H3
INV-H3-000676,676,erroneous,True,exclusion_presence_uncertain|expected_total_unknown|retention_or_payable_quantity_requires_review,H3
INV-H3-000677,677,review,False,expected_total_unknown|volume_discount_uncertain,H3
INV-H3-000679,679,review,False,contractual_dual_unit_unresolved|expected_total_unknown|service_match_unresolved,H3
INV-H3-000680,680,review,False,contractual_dual_unit_unresolved|expected_total_unknown|service_match_unresolved,H3
INV-H3-000681,681,erroneous,True,contract_quantity_unknown_due_to_unit_mismatch|delivered_quantity_or_duplicate_identity_uncertain|exclusion_presence_uncertain|expected_total_unknown|invalid_date_payability_requires_review|retention_or_payable_quantity_requires_review,H3
INV-H3-000685,685,review,False,expected_total_unknown|service_match_unresolved,H3
INV-H3-000687,687,erroneous,True,bundle_eligibility_uncertain|contractual_dual_unit_unresolved|delivered_quantity_or_duplicate_identity_uncertain|expected_total_unknown|premium_eligibility_uncertain|retention_or_payable_quantity_requires_review|service_match_unresolved,H3
INV-H3-000689,689,review,False,expected_total_unknown|service_match_unresolved,H3
INV-H3-000692,692,review,False,contractual_dual_unit_unresolved|delivered_quantity_or_duplicate_identity_uncertain|expected_total_unknown|retention_or_payable_quantity_requires_review|service_match_unresolved,H3
INV-H3-000698,698,review,False,expected_total_unknown|service_match_unresolved,H3
INV-H3-000700,700,review,False,delivered_quantity_or_duplicate_identity_uncertain|expected_total_unknown|retention_or_payable_quantity_requires_review,H3
INV-H3-000702,702,review,False,delivered_quantity_or_duplicate_identity_uncertain|expected_total_unknown|retention_or_payable_quantity_requires_review,H3
INV-H3-000703,703,review,False,expected_total_unknown|volume_discount_uncertain,H3
INV-H3-000705,705,review,False,expected_total_unknown|volume_discount_uncertain,H3
INV-H3-000706,706,erroneous,True,contract_quantity_unknown_due_to_unit_mismatch|delivered_quantity_or_duplicate_identity_uncertain|expected_total_unknown|retention_or_payable_quantity_requires_review,H3
INV-H3-000708,708,review,False,contractual_dual_unit_unresolved|expected_total_unknown|service_match_unresolved,H3
INV-H3-000709,709,review,False,contractual_dual_unit_unresolved|expected_total_unknown|service_match_unresolved,H3
INV-H3-000711,711,review,False,expected_total_unknown|service_match_unresolved,H3
INV-H3-000714,714,review,False,delivered_quantity_or_duplicate_identity_uncertain|expected_total_unknown|retention_or_payable_quantity_requires_review,H3
INV-H3-000722,722,review,False,delivered_quantity_or_duplicate_identity_uncertain|expected_total_unknown|retention_or_payable_quantity_requires_review,H3
INV-H3-000723,723,review,False,contractual_dual_unit_unresolved|expected_total_unknown|service_match_unresolved,H3
INV-H3-000726,726,review,False,contractual_dual_unit_unresolved|expected_total_unknown|service_match_unresolved|volume_discount_uncertain,H3
INV-H3-000729,729,review,False,expected_total_unknown|service_match_unresolved,H3
INV-H3-000730,730,review,False,delivered_quantity_or_duplicate_identity_uncertain|expected_total_unknown|retention_or_payable_quantity_requires_review,H3
INV-H3-000732,732,review,False,expected_total_unknown|service_match_unresolved,H3
INV-H3-000734,734,review,False,contractual_dual_unit_unresolved|expected_total_unknown|service_match_unresolved,H3
INV-H3-000745,745,review,False,contractual_dual_unit_unresolved|expected_total_unknown|service_match_unresolved,H3
INV-H3-000747,747,review,False,contractual_dual_unit_unresolved|expected_total_unknown|service_match_unresolved,H3
INV-H3-000749,749,erroneous,True,expected_total_unknown|invalid_date_payability_requires_review|retention_or_payable_quantity_requires_review,H3
INV-H3-000752,752,review,False,contractual_dual_unit_unresolved|delivered_quantity_or_duplicate_identity_uncertain|expected_total_unknown|retention_or_payable_quantity_requires_review|service_match_unresolved,H3
INV-H3-000757,757,review,False,contractual_dual_unit_unresolved|expected_total_unknown|service_match_unresolved,H3
INV-H3-000758,758,review,False,expected_total_unknown|volume_discount_uncertain,H3
INV-H3-000762,762,review,False,expected_total_unknown|volume_discount_uncertain,H3
INV-H3-000766,766,review,False,expected_total_unknown|service_match_unresolved,H3
INV-H3-000767,767,review,False,expected_total_unknown|service_match_unresolved,H3
INV-H3-000775,775,review,False,delivered_quantity_or_duplicate_identity_uncertain|expected_total_unknown|retention_or_payable_quantity_requires_review,H3
INV-H3-000776,776,review,False,expected_total_unknown|service_match_unresolved,H3
INV-H3-000779,779,review,False,contractual_dual_unit_unresolved|expected_total_unknown|service_match_unresolved,H3
INV-H3-000781,781,erroneous,True,contract_quantity_unknown_due_to_unit_mismatch|delivered_quantity_or_duplicate_identity_uncertain|expected_total_unknown|retention_or_payable_quantity_requires_review|service_match_unresolved,H3
INV-H3-000782,782,erroneous,True,expected_total_unknown|invalid_date_payability_requires_review|retention_or_payable_quantity_requires_review,H3
INV-H3-000784,784,review,False,contractual_dual_unit_unresolved|expected_total_unknown|service_match_unresolved,H3
INV-H3-000785,785,review,False,delivered_quantity_or_duplicate_identity_uncertain|expected_total_unknown|retention_or_payable_quantity_requires_review|service_match_unresolved,H3
INV-H3-000787,787,erroneous,True,expected_total_unknown|invalid_date_payability_requires_review|retention_or_payable_quantity_requires_review,H3
INV-H3-000789,789,erroneous,True,contractual_dual_unit_unresolved|delivered_quantity_or_duplicate_identity_uncertain|exclusion_presence_uncertain|expected_total_unknown|retention_or_payable_quantity_requires_review|service_match_unresolved,H3
INV-H3-000791,791,review,False,expected_total_unknown|service_match_unresolved,H3
INV-H3-000794,794,erroneous,True,delivered_quantity_or_duplicate_identity_uncertain|expected_total_unknown|retention_or_payable_quantity_requires_review|service_match_unresolved,H3
INV-H3-000796,796,review,False,contractual_dual_unit_unresolved|expected_total_unknown|service_match_unresolved,H3
INV-H3-000797,797,review,False,expected_total_unknown|volume_discount_uncertain,H3
INV-H3-000799,799,review,False,delivered_quantity_or_duplicate_identity_uncertain|expected_total_unknown|retention_or_payable_quantity_requires_review|service_match_unresolved,H3
INV-H3-000801,801,review,False,expected_total_unknown|volume_discount_uncertain,H3
INV-H3-000804,804,review,False,expected_total_unknown|service_match_unresolved,H3
INV-H3-000805,805,review,False,expected_total_unknown|service_match_unresolved,H3
INV-H3-000809,809,review,False,contractual_dual_unit_unresolved|expected_total_unknown|service_match_unresolved,H3
INV-H3-000810,810,review,False,expected_total_unknown|volume_discount_uncertain,H3
INV-H3-000813,813,review,False,expected_total_unknown|volume_discount_uncertain,H3
INV-H3-000815,815,review,False,expected_total_unknown|service_match_unresolved,H3
INV-H3-000816,816,erroneous,True,expected_total_unknown|service_match_unresolved,H3
INV-H3-000817,817,erroneous,True,delivered_quantity_or_duplicate_identity_uncertain|expected_total_unknown|retention_or_payable_quantity_requires_review,H3
INV-H3-000822,822,review,False,contractual_dual_unit_unresolved|expected_total_unknown|service_match_unresolved,H3
INV-H3-000824,824,review,False,expected_total_unknown|service_match_unresolved,H3
INV-H3-000827,827,review,False,expected_total_unknown|volume_discount_uncertain,H3
INV-H3-000828,828,review,False,expected_total_unknown|service_match_unresolved,H3
INV-H3-000833,833,review,False,expected_total_unknown|service_match_unresolved,H3
INV-H3-000834,834,erroneous,True,expected_total_unknown|invalid_date_payability_requires_review|retention_or_payable_quantity_requires_review,H3
INV-H3-000836,836,review,False,contractual_dual_unit_unresolved|expected_total_unknown|service_match_unresolved,H3
INV-H3-000837,837,erroneous,True,contract_quantity_unknown_due_to_unit_mismatch|contractual_dual_unit_unresolved|delivered_quantity_or_duplicate_identity_uncertain|expected_total_unknown|invalid_date_payability_requires_review|premium_eligibility_uncertain|retention_or_payable_quantity_requires_review|service_match_unresolved,H3
INV-H3-000839,839,review,False,contractual_dual_unit_unresolved|expected_total_unknown|service_match_unresolved,H3
INV-H3-000840,840,review,False,expected_total_unknown|service_match_unresolved,H3
INV-H3-000842,842,erroneous,True,duplicate_correction_not_approved_for_hospital|expected_total_unknown|invalid_date_payability_requires_review|retention_or_payable_quantity_requires_review,H3
INV-H3-000844,844,review,False,expected_total_unknown|volume_discount_uncertain,H3
INV-H3-000845,845,review,False,delivered_quantity_or_duplicate_identity_uncertain|expected_total_unknown|retention_or_payable_quantity_requires_review,H3
INV-H3-000847,847,review,False,expected_total_unknown|service_match_unresolved,H3
INV-H3-000848,848,review,False,expected_total_unknown|volume_discount_uncertain,H3
INV-H3-000849,849,review,False,expected_total_unknown|volume_discount_uncertain,H3
INV-H3-000851,851,review,False,delivered_quantity_or_duplicate_identity_uncertain|expected_total_unknown|retention_or_payable_quantity_requires_review,H3
INV-H3-000855,855,review,False,expected_total_unknown|service_match_unresolved,H3
INV-H3-000856,856,review,False,expected_total_unknown|volume_discount_uncertain,H3
INV-H3-000857,857,review,False,expected_total_unknown|service_match_unresolved,H3
INV-H3-000862,862,review,False,contractual_dual_unit_unresolved|expected_total_unknown|service_match_unresolved,H3
INV-H3-000864,864,review,False,expected_total_unknown|service_match_unresolved,H3
INV-H3-000865,865,review,False,expected_total_unknown|volume_discount_uncertain,H3
INV-H3-000867,867,review,False,expected_total_unknown|volume_discount_uncertain,H3
INV-H3-000869,869,review,False,contractual_dual_unit_unresolved|expected_total_unknown|service_match_unresolved,H3
INV-H3-000870,870,review,False,expected_total_unknown|service_match_unresolved,H3
INV-H3-000874,874,review,False,delivered_quantity_or_duplicate_identity_uncertain|expected_total_unknown|retention_or_payable_quantity_requires_review,H3
INV-H3-000877,877,review,False,contractual_dual_unit_unresolved|expected_total_unknown|service_match_unresolved|volume_discount_uncertain,H3
INV-H3-000879,879,erroneous,True,delivered_quantity_or_duplicate_identity_uncertain|expected_total_unknown|invalid_date_payability_requires_review|retention_or_payable_quantity_requires_review,H3
INV-H3-000880,880,review,False,expected_total_unknown|volume_discount_uncertain,H3
INV-H3-000883,883,review,False,delivered_quantity_or_duplicate_identity_uncertain|expected_total_unknown|retention_or_payable_quantity_requires_review,H3
INV-H3-000886,886,review,False,expected_total_unknown|service_match_unresolved,H3
INV-H3-000887,887,review,False,delivered_quantity_or_duplicate_identity_uncertain|expected_total_unknown|premium_eligibility_uncertain|retention_or_payable_quantity_requires_review|service_match_unresolved,H3
INV-H3-000890,890,review,False,contractual_dual_unit_unresolved|expected_total_unknown|service_match_unresolved,H3
INV-H3-000891,891,review,False,delivered_quantity_or_duplicate_identity_uncertain|expected_total_unknown|retention_or_payable_quantity_requires_review,H3
INV-H3-000906,906,review,False,delivered_quantity_or_duplicate_identity_uncertain|expected_total_unknown|retention_or_payable_quantity_requires_review,H3
INV-H3-000910,910,review,False,delivered_quantity_or_duplicate_identity_uncertain|expected_total_unknown|retention_or_payable_quantity_requires_review,H3
INV-H3-000913,913,review,False,delivered_quantity_or_duplicate_identity_uncertain|expected_total_unknown|retention_or_payable_quantity_requires_review,H3
INV-H3-000914,914,review,False,expected_total_unknown|service_match_unresolved,H3
INV-H3-000916,916,review,False,expected_total_unknown|service_match_unresolved,H3
INV-H3-000917,917,review,False,expected_total_unknown|service_match_unresolved|volume_discount_uncertain,H3
INV-H3-000918,918,review,False,expected_total_unknown|service_match_unresolved,H3
INV-H3-000919,919,review,False,expected_total_unknown|volume_discount_uncertain,H3
INV-H3-000921,921,review,False,expected_total_unknown|volume_discount_uncertain,H3
INV-H3-000922,922,review,False,delivered_quantity_or_duplicate_identity_uncertain|expected_total_unknown|retention_or_payable_quantity_requires_review,H3
INV-H3-000924,924,review,False,expected_total_unknown|volume_discount_uncertain,H3
INV-H3-000925,925,erroneous,True,contract_quantity_unknown_due_to_unit_mismatch|delivered_quantity_or_duplicate_identity_uncertain|expected_total_unknown|retention_or_payable_quantity_requires_review,H3
INV-H3-000926,926,review,False,expected_total_unknown|service_match_unresolved,H3
INV-H3-000927,927,review,False,contractual_dual_unit_unresolved|expected_total_unknown|service_match_unresolved,H3
INV-H3-000928,928,review,False,delivered_quantity_or_duplicate_identity_uncertain|expected_total_unknown|retention_or_payable_quantity_requires_review,H3
INV-H3-000933,933,review,False,delivered_quantity_or_duplicate_identity_uncertain|expected_total_unknown|retention_or_payable_quantity_requires_review,H3
INV-H3-000934,934,erroneous,True,delivered_quantity_or_duplicate_identity_uncertain|expected_total_unknown|invalid_date_payability_requires_review|premium_eligibility_uncertain|retention_or_payable_quantity_requires_review|service_match_unresolved,H3
INV-H3-000935,935,erroneous,True,delivered_quantity_or_duplicate_identity_uncertain|duplicate_correction_not_approved_for_hospital|exclusion_presence_uncertain|expected_total_unknown|invalid_date_payability_requires_review|retention_or_payable_quantity_requires_review|service_match_unresolved,H3
INV-H3-000936,936,review,False,expected_total_unknown|service_match_unresolved,H3
INV-H3-000937,937,review,False,contractual_dual_unit_unresolved|expected_total_unknown|service_match_unresolved,H3
INV-H3-000939,939,review,False,contractual_dual_unit_unresolved|expected_total_unknown|service_match_unresolved,H3
INV-H4-000002,2,review,False,bundle_eligibility_uncertain|expected_total_unknown|hospital_4_contractual_unit_unresolved|service_match_unresolved,H4
INV-H4-000003,3,erroneous,True,contract_quantity_unknown_due_to_unit_mismatch|delivered_quantity_or_duplicate_identity_uncertain|expected_total_unknown|retention_or_payable_quantity_requires_review,H4
INV-H4-000006,6,erroneous,True,expected_total_unknown|hospital_4_contractual_unit_unresolved|service_match_unresolved,H4
INV-H4-000007,7,review,False,expected_total_unknown|hospital_4_contractual_unit_unresolved|service_match_unresolved,H4
INV-H4-000008,8,erroneous,True,expected_total_unknown|invalid_date_payability_requires_review|retention_or_payable_quantity_requires_review,H4
INV-H4-000012,12,review,False,expected_total_unknown|hospital_4_contractual_unit_unresolved|service_match_unresolved,H4
INV-H4-000020,20,review,False,expected_total_unknown|hospital_4_contractual_unit_unresolved|service_match_unresolved,H4
INV-H4-000023,23,review,False,expected_total_unknown|hospital_4_contractual_unit_unresolved|service_match_unresolved,H4
INV-H4-000027,27,review,False,expected_total_unknown|service_match_unresolved,H4
INV-H4-000031,31,review,False,bundle_eligibility_uncertain|delivered_quantity_or_duplicate_identity_uncertain|expected_total_unknown|retention_or_payable_quantity_requires_review|service_match_unresolved,H4
INV-H4-000032,32,review,False,expected_total_unknown|service_match_unresolved,H4
INV-H4-000036,36,review,False,expected_total_unknown|service_match_unresolved,H4
INV-H4-000042,42,review,False,expected_total_unknown|service_match_unresolved,H4
INV-H4-000047,47,review,False,expected_total_unknown|service_match_unresolved,H4
INV-H4-000048,48,review,False,bundle_eligibility_uncertain|expected_total_unknown|service_match_unresolved,H4
INV-H4-000051,51,review,False,expected_total_unknown|volume_discount_uncertain,H4
INV-H4-000052,52,review,False,expected_total_unknown|service_match_unresolved,H4
INV-H4-000053,53,erroneous,True,bundle_eligibility_uncertain|contract_quantity_unknown_due_to_unit_mismatch|delivered_quantity_or_duplicate_identity_uncertain|exclusion_presence_uncertain|expected_total_unknown|retention_or_payable_quantity_requires_review|service_match_unresolved|volume_discount_uncertain,H4
INV-H4-000056,56,review,False,expected_total_unknown|volume_discount_uncertain,H4
INV-H4-000057,57,review,False,expected_total_unknown|volume_discount_uncertain,H4
INV-H4-000058,58,review,False,expected_total_unknown|volume_discount_uncertain,H4
INV-H4-000060,60,review,False,expected_total_unknown|service_match_unresolved,H4
INV-H4-000062,62,review,False,expected_total_unknown|hospital_4_contractual_unit_unresolved|service_match_unresolved,H4
INV-H4-000063,63,review,False,bundle_eligibility_uncertain|exclusion_presence_uncertain|expected_total_unknown|retention_or_payable_quantity_requires_review|service_match_unresolved,H4
INV-H4-000064,64,review,False,expected_total_unknown|volume_discount_uncertain,H4
INV-H4-000066,66,review,False,expected_total_unknown|hospital_4_contractual_unit_unresolved|service_match_unresolved,H4
INV-H4-000067,67,review,False,exclusion_presence_uncertain|expected_total_unknown|retention_or_payable_quantity_requires_review|volume_discount_uncertain,H4
INV-H4-000070,70,review,False,bundle_eligibility_uncertain|exclusion_presence_uncertain|expected_total_unknown|hospital_4_contractual_unit_unresolved|retention_or_payable_quantity_requires_review|service_match_unresolved|volume_discount_uncertain,H4
INV-H4-000071,71,review,False,exclusion_presence_uncertain|expected_total_unknown|retention_or_payable_quantity_requires_review|volume_discount_uncertain,H4
INV-H4-000073,73,erroneous,True,bundle_eligibility_uncertain|delivered_quantity_or_duplicate_identity_uncertain|exclusion_presence_uncertain|expected_total_unknown|invalid_date_payability_requires_review|invoice_identifier_join_ambiguous|missing_or_ambiguous_invoice_join|missing_patient_context|nonunique_invoice_id|premium_eligibility_uncertain|retention_or_payable_quantity_requires_review|service_match_unresolved,H4
INV-H4-000073,517,erroneous,True,bundle_eligibility_uncertain|delivered_quantity_or_duplicate_identity_uncertain|exclusion_presence_uncertain|expected_total_unknown|invalid_date_payability_requires_review|invoice_identifier_join_ambiguous|missing_or_ambiguous_invoice_join|missing_patient_context|nonunique_invoice_id|premium_eligibility_uncertain|retention_or_payable_quantity_requires_review|service_match_unresolved,H4
INV-H4-000074,74,erroneous,True,expected_total_unknown|volume_discount_uncertain,H4
INV-H4-000075,75,review,False,expected_total_unknown|volume_discount_uncertain,H4
INV-H4-000078,78,review,False,expected_total_unknown|hospital_4_contractual_unit_unresolved|service_match_unresolved|volume_discount_uncertain,H4
INV-H4-000079,79,erroneous,True,bundle_eligibility_uncertain|delivered_quantity_or_duplicate_identity_uncertain|exclusion_presence_uncertain|expected_total_unknown|invalid_date_payability_requires_review|invoice_identifier_join_ambiguous|missing_or_ambiguous_invoice_join|missing_patient_context|nonunique_invoice_id|premium_eligibility_uncertain|retention_or_payable_quantity_requires_review,H4
INV-H4-000079,303,erroneous,True,bundle_eligibility_uncertain|delivered_quantity_or_duplicate_identity_uncertain|exclusion_presence_uncertain|expected_total_unknown|invalid_date_payability_requires_review|invoice_identifier_join_ambiguous|missing_or_ambiguous_invoice_join|missing_patient_context|nonunique_invoice_id|premium_eligibility_uncertain|retention_or_payable_quantity_requires_review,H4
INV-H4-000080,80,review,False,delivered_quantity_or_duplicate_identity_uncertain|expected_total_unknown|retention_or_payable_quantity_requires_review|volume_discount_uncertain,H4
INV-H4-000082,82,review,False,expected_total_unknown|service_match_unresolved|volume_discount_uncertain,H4
INV-H4-000083,83,review,False,expected_total_unknown|volume_discount_uncertain,H4
INV-H4-000087,87,review,False,expected_total_unknown|volume_discount_uncertain,H4
INV-H4-000088,88,review,False,bundle_eligibility_uncertain|expected_total_unknown|service_match_unresolved|volume_discount_uncertain,H4
INV-H4-000091,91,review,False,expected_total_unknown|hospital_4_contractual_unit_unresolved|service_match_unresolved,H4
INV-H4-000092,92,review,False,expected_total_unknown|volume_discount_uncertain,H4
INV-H4-000094,94,review,False,expected_total_unknown|volume_discount_uncertain,H4
INV-H4-000095,95,erroneous,True,contract_quantity_unknown_due_to_unit_mismatch|delivered_quantity_or_duplicate_identity_uncertain|expected_total_unknown|retention_or_payable_quantity_requires_review,H4
INV-H4-000096,96,review,False,expected_total_unknown|volume_discount_uncertain,H4
INV-H4-000097,97,review,False,expected_total_unknown|volume_discount_uncertain,H4
INV-H4-000099,99,review,False,expected_total_unknown|volume_discount_uncertain,H4
INV-H4-000101,101,review,False,expected_total_unknown|hospital_4_contractual_unit_unresolved|service_match_unresolved,H4
INV-H4-000103,103,review,False,expected_total_unknown|hospital_4_contractual_unit_unresolved|service_match_unresolved,H4
INV-H4-000105,105,erroneous,True,expected_total_unknown|invalid_date_payability_requires_review|retention_or_payable_quantity_requires_review|volume_discount_uncertain,H4
INV-H4-000107,107,review,False,expected_total_unknown|service_match_unresolved,H4
INV-H4-000109,109,review,False,expected_total_unknown|volume_discount_uncertain,H4
INV-H4-000111,111,review,False,expected_total_unknown|volume_discount_uncertain,H4
INV-H4-000112,112,review,False,expected_total_unknown|service_match_unresolved,H4
INV-H4-000113,113,review,False,expected_total_unknown|service_match_unresolved,H4
INV-H4-000114,114,review,False,expected_total_unknown|service_match_unresolved,H4
INV-H4-000115,115,review,False,expected_total_unknown|hospital_4_contractual_unit_unresolved|service_match_unresolved|volume_discount_uncertain,H4
INV-H4-000116,116,review,False,expected_total_unknown|volume_discount_uncertain,H4
INV-H4-000118,118,review,False,expected_total_unknown|volume_discount_uncertain,H4
INV-H4-000120,120,review,False,expected_total_unknown|hospital_4_contractual_unit_unresolved|service_match_unresolved,H4
INV-H4-000121,121,erroneous,True,expected_total_unknown|invalid_date_payability_requires_review|retention_or_payable_quantity_requires_review,H4
INV-H4-000123,123,review,False,expected_total_unknown|hospital_4_contractual_unit_unresolved|service_match_unresolved|volume_discount_uncertain,H4
INV-H4-000124,124,review,False,bundle_eligibility_uncertain|expected_total_unknown|service_match_unresolved|volume_discount_uncertain,H4
INV-H4-000125,125,review,False,bundle_eligibility_uncertain|delivered_quantity_or_duplicate_identity_uncertain|exclusion_presence_uncertain|expected_total_unknown|premium_eligibility_uncertain|retention_or_payable_quantity_requires_review|service_match_unresolved,H4
INV-H4-000127,127,review,False,expected_total_unknown|volume_discount_uncertain,H4
INV-H4-000136,136,review,False,expected_total_unknown|volume_discount_uncertain,H4
INV-H4-000139,139,review,False,expected_total_unknown|volume_discount_uncertain,H4
INV-H4-000141,141,review,False,expected_total_unknown|volume_discount_uncertain,H4
INV-H4-000142,142,review,False,expected_total_unknown|hospital_4_contractual_unit_unresolved|service_match_unresolved,H4
INV-H4-000143,143,review,False,expected_total_unknown|service_match_unresolved,H4
INV-H4-000144,144,erroneous,True,delivered_quantity_or_duplicate_identity_uncertain|expected_total_unknown|retention_or_payable_quantity_requires_review|service_match_unresolved|volume_discount_uncertain,H4
INV-H4-000146,146,review,False,exclusion_presence_uncertain|expected_total_unknown|retention_or_payable_quantity_requires_review|service_match_unresolved,H4
INV-H4-000150,150,review,False,expected_total_unknown|volume_discount_uncertain,H4
INV-H4-000151,151,review,False,exclusion_presence_uncertain|expected_total_unknown|retention_or_payable_quantity_requires_review,H4
INV-H4-000153,153,erroneous,True,delivered_quantity_or_duplicate_identity_uncertain|exclusion_presence_uncertain|expected_total_unknown|invalid_date_payability_requires_review|premium_eligibility_uncertain|retention_or_payable_quantity_requires_review|service_match_unresolved,H4
INV-H4-000155,155,review,False,expected_total_unknown|volume_discount_uncertain,H4
INV-H4-000157,157,erroneous,True,expected_total_unknown|service_match_unresolved|volume_discount_uncertain,H4
INV-H4-000158,158,review,False,expected_total_unknown|volume_discount_uncertain,H4
INV-H4-000159,159,review,False,expected_total_unknown|service_match_unresolved,H4
INV-H4-000161,161,review,False,expected_total_unknown|hospital_4_contractual_unit_unresolved|service_match_unresolved,H4
INV-H4-000162,162,review,False,expected_total_unknown|service_match_unresolved,H4
INV-H4-000164,164,erroneous,True,delivered_quantity_or_duplicate_identity_uncertain|expected_total_unknown|invalid_date_payability_requires_review|retention_or_payable_quantity_requires_review|volume_discount_uncertain,H4
INV-H4-000167,167,review,False,expected_total_unknown|volume_discount_uncertain,H4
INV-H4-000168,168,erroneous,True,contract_quantity_unknown_due_to_unit_mismatch|delivered_quantity_or_duplicate_identity_uncertain|expected_total_unknown|premium_eligibility_uncertain|retention_or_payable_quantity_requires_review|service_match_unresolved,H4
INV-H4-000170,170,review,False,expected_total_unknown|service_match_unresolved,H4
INV-H4-000171,171,review,False,expected_total_unknown|volume_discount_uncertain,H4
INV-H4-000172,172,review,False,expected_total_unknown|volume_discount_uncertain,H4
INV-H4-000173,173,review,False,expected_total_unknown|service_match_unresolved|volume_discount_uncertain,H4
INV-H4-000176,176,review,False,expected_total_unknown|hospital_4_contractual_unit_unresolved|service_match_unresolved,H4
INV-H4-000177,177,review,False,bundle_eligibility_uncertain|expected_total_unknown|service_match_unresolved,H4
INV-H4-000178,178,review,False,delivered_quantity_or_duplicate_identity_uncertain|expected_total_unknown|retention_or_payable_quantity_requires_review|service_match_unresolved|volume_discount_uncertain,H4
INV-H4-000180,180,review,False,expected_total_unknown|volume_discount_uncertain,H4
INV-H4-000181,181,review,False,expected_total_unknown|service_match_unresolved,H4
INV-H4-000182,182,review,False,expected_total_unknown|hospital_4_contractual_unit_unresolved|service_match_unresolved,H4
INV-H4-000183,183,review,False,expected_total_unknown|service_match_unresolved|volume_discount_uncertain,H4
INV-H4-000184,184,review,False,expected_total_unknown|service_match_unresolved,H4
INV-H4-000186,186,review,False,bundle_eligibility_uncertain|expected_total_unknown|service_match_unresolved,H4
INV-H4-000187,187,review,False,expected_total_unknown|volume_discount_uncertain,H4
INV-H4-000190,190,review,False,delivered_quantity_or_duplicate_identity_uncertain|expected_total_unknown|retention_or_payable_quantity_requires_review|service_match_unresolved,H4
INV-H4-000192,192,review,False,expected_total_unknown|volume_discount_uncertain,H4
INV-H4-000193,193,review,False,expected_total_unknown|service_match_unresolved,H4
INV-H4-000195,195,review,False,expected_total_unknown|service_match_unresolved|volume_discount_uncertain,H4
INV-H4-000196,196,erroneous,True,contract_quantity_unknown_due_to_unit_mismatch|delivered_quantity_or_duplicate_identity_uncertain|expected_total_unknown|retention_or_payable_quantity_requires_review,H4
INV-H4-000197,197,review,False,delivered_quantity_or_duplicate_identity_uncertain|expected_total_unknown|premium_eligibility_uncertain|retention_or_payable_quantity_requires_review|service_match_unresolved|volume_discount_uncertain,H4
INV-H4-000200,200,review,False,expected_total_unknown|hospital_4_contractual_unit_unresolved|service_match_unresolved,H4
INV-H4-000203,203,review,False,expected_total_unknown|volume_discount_uncertain,H4
INV-H4-000204,204,review,False,expected_total_unknown|service_match_unresolved,H4
INV-H4-000210,210,review,False,expected_total_unknown|volume_discount_uncertain,H4
INV-H4-000211,211,review,False,bundle_eligibility_uncertain|expected_total_unknown|service_match_unresolved,H4
INV-H4-000212,212,review,False,expected_total_unknown|volume_discount_uncertain,H4
INV-H4-000217,217,erroneous,True,expected_total_unknown|hospital_4_contractual_unit_unresolved|service_match_unresolved|volume_discount_uncertain,H4
INV-H4-000218,218,review,False,expected_total_unknown|hospital_4_contractual_unit_unresolved|service_match_unresolved,H4
INV-H4-000220,220,review,False,expected_total_unknown|volume_discount_uncertain,H4
INV-H4-000222,222,review,False,expected_total_unknown|hospital_4_contractual_unit_unresolved|service_match_unresolved,H4
INV-H4-000223,223,review,False,expected_total_unknown|service_match_unresolved,H4
INV-H4-000224,224,review,False,expected_total_unknown|service_match_unresolved|volume_discount_uncertain,H4
INV-H4-000225,225,review,False,expected_total_unknown|service_match_unresolved,H4
INV-H4-000226,226,erroneous,True,expected_total_unknown|service_match_unresolved,H4
INV-H4-000227,227,review,False,expected_total_unknown|volume_discount_uncertain,H4
INV-H4-000228,228,review,False,expected_total_unknown|volume_discount_uncertain,H4
INV-H4-000230,230,review,False,expected_total_unknown|volume_discount_uncertain,H4
INV-H4-000231,231,review,False,expected_total_unknown|volume_discount_uncertain,H4
INV-H4-000238,238,review,False,expected_total_unknown|hospital_4_contractual_unit_unresolved|service_match_unresolved|volume_discount_uncertain,H4
INV-H4-000239,239,review,False,expected_total_unknown|hospital_4_contractual_unit_unresolved|service_match_unresolved,H4
INV-H4-000247,247,erroneous,True,expected_total_unknown|service_match_unresolved|volume_discount_uncertain,H4
INV-H4-000248,248,review,False,expected_total_unknown|volume_discount_uncertain,H4
INV-H4-000250,250,review,False,expected_total_unknown|volume_discount_uncertain,H4
INV-H4-000252,252,review,False,expected_total_unknown|service_match_unresolved|volume_discount_uncertain,H4
INV-H4-000253,253,review,False,expected_total_unknown|service_match_unresolved,H4
INV-H4-000255,255,review,False,expected_total_unknown|volume_discount_uncertain,H4
INV-H4-000257,257,review,False,exclusion_presence_uncertain|expected_total_unknown|retention_or_payable_quantity_requires_review|service_match_unresolved,H4
INV-H4-000259,259,erroneous,True,delivered_quantity_or_duplicate_identity_uncertain|exclusion_presence_uncertain|expected_total_unknown|retention_or_payable_quantity_requires_review,H4
INV-H4-000260,260,erroneous,True,exclusion_presence_uncertain|expected_total_unknown|invalid_date_payability_requires_review|retention_or_payable_quantity_requires_review,H4
INV-H4-000261,261,review,False,expected_total_unknown|volume_discount_uncertain,H4
INV-H4-000262,262,review,False,expected_total_unknown|volume_discount_uncertain,H4
INV-H4-000263,263,review,False,delivered_quantity_or_duplicate_identity_uncertain|expected_total_unknown|premium_eligibility_uncertain|retention_or_payable_quantity_requires_review|service_match_unresolved|volume_discount_uncertain,H4
INV-H4-000264,264,erroneous,True,bundle_eligibility_uncertain|delivered_quantity_or_duplicate_identity_uncertain|exclusion_presence_uncertain|expected_total_unknown|hospital_4_contractual_unit_unresolved|invalid_date_payability_requires_review|invoice_identifier_join_ambiguous|missing_or_ambiguous_invoice_join|missing_patient_context|nonunique_invoice_id|premium_eligibility_uncertain|retention_or_payable_quantity_requires_review|service_match_unresolved|volume_discount_uncertain,H4
INV-H4-000264,418,erroneous,True,bundle_eligibility_uncertain|delivered_quantity_or_duplicate_identity_uncertain|exclusion_presence_uncertain|expected_total_unknown|hospital_4_contractual_unit_unresolved|invalid_date_payability_requires_review|invoice_identifier_join_ambiguous|missing_or_ambiguous_invoice_join|missing_patient_context|nonunique_invoice_id|premium_eligibility_uncertain|retention_or_payable_quantity_requires_review|service_match_unresolved|volume_discount_uncertain,H4
INV-H4-000265,265,review,False,expected_total_unknown|hospital_4_contractual_unit_unresolved|service_match_unresolved,H4
INV-H4-000267,267,review,False,expected_total_unknown|volume_discount_uncertain,H4
INV-H4-000268,268,review,False,expected_total_unknown|hospital_4_contractual_unit_unresolved|service_match_unresolved,H4
INV-H4-000269,269,review,False,expected_total_unknown|volume_discount_uncertain,H4
INV-H4-000270,270,review,False,expected_total_unknown|volume_discount_uncertain,H4
INV-H4-000271,271,review,False,expected_total_unknown|service_match_unresolved|volume_discount_uncertain,H4
INV-H4-000272,272,review,False,expected_total_unknown|hospital_4_contractual_unit_unresolved|service_match_unresolved,H4
INV-H4-000273,273,review,False,expected_total_unknown|volume_discount_uncertain,H4
INV-H4-000277,277,review,False,expected_total_unknown|service_match_unresolved|volume_discount_uncertain,H4
INV-H4-000278,278,review,False,expected_total_unknown|service_match_unresolved,H4
INV-H4-000280,280,review,False,expected_total_unknown|service_match_unresolved|volume_discount_uncertain,H4
INV-H4-000283,283,review,False,expected_total_unknown|volume_discount_uncertain,H4
INV-H4-000285,285,review,False,delivered_quantity_or_duplicate_identity_uncertain|exclusion_presence_uncertain|expected_total_unknown|retention_or_payable_quantity_requires_review|service_match_unresolved,H4
INV-H4-000287,287,review,False,expected_total_unknown|hospital_4_contractual_unit_unresolved|service_match_unresolved,H4
INV-H4-000289,289,review,False,expected_total_unknown|volume_discount_uncertain,H4
INV-H4-000291,291,review,False,expected_total_unknown|service_match_unresolved|volume_discount_uncertain,H4
INV-H4-000293,293,erroneous,True,expected_total_unknown|volume_discount_uncertain,H4
INV-H4-000297,297,review,False,expected_total_unknown|hospital_4_contractual_unit_unresolved|service_match_unresolved,H4
INV-H4-000300,300,review,False,expected_total_unknown|volume_discount_uncertain,H4
INV-H4-000302,302,review,False,expected_total_unknown|volume_discount_uncertain,H4
INV-H4-000304,304,review,False,expected_total_unknown|volume_discount_uncertain,H4
INV-H4-000305,305,review,False,bundle_eligibility_uncertain|delivered_quantity_or_duplicate_identity_uncertain|expected_total_unknown|retention_or_payable_quantity_requires_review|service_match_unresolved,H4
INV-H4-000307,307,review,False,expected_total_unknown|hospital_4_contractual_unit_unresolved|service_match_unresolved,H4
INV-H4-000309,309,erroneous,True,bundle_eligibility_uncertain|delivered_quantity_or_duplicate_identity_uncertain|exclusion_presence_uncertain|expected_total_unknown|retention_or_payable_quantity_requires_review|service_match_unresolved|volume_discount_uncertain,H4
INV-H4-000311,311,review,False,expected_total_unknown|volume_discount_uncertain,H4
INV-H4-000318,318,review,False,expected_total_unknown|volume_discount_uncertain,H4
INV-H4-000319,319,review,False,bundle_eligibility_uncertain|expected_total_unknown|service_match_unresolved,H4
INV-H4-000320,320,review,False,expected_total_unknown|volume_discount_uncertain,H4
INV-H4-000321,321,review,False,expected_total_unknown|service_match_unresolved|volume_discount_uncertain,H4
INV-H4-000322,322,review,False,bundle_eligibility_uncertain|delivered_quantity_or_duplicate_identity_uncertain|expected_total_unknown|premium_eligibility_uncertain|retention_or_payable_quantity_requires_review|service_match_unresolved,H4
INV-H4-000324,324,review,False,expected_total_unknown|service_match_unresolved,H4
INV-H4-000325,325,review,False,expected_total_unknown|volume_discount_uncertain,H4
INV-H4-000327,327,review,False,bundle_eligibility_uncertain|expected_total_unknown|service_match_unresolved,H4
INV-H4-000329,329,review,False,expected_total_unknown|volume_discount_uncertain,H4
INV-H4-000335,335,review,False,expected_total_unknown|volume_discount_uncertain,H4
INV-H4-000336,336,review,False,expected_total_unknown|volume_discount_uncertain,H4
INV-H4-000341,341,review,False,expected_total_unknown|volume_discount_uncertain,H4
INV-H4-000344,344,review,False,expected_total_unknown|volume_discount_uncertain,H4
INV-H4-000345,345,review,False,expected_total_unknown|hospital_4_contractual_unit_unresolved|service_match_unresolved,H4
INV-H4-000346,346,review,False,expected_total_unknown|hospital_4_contractual_unit_unresolved|service_match_unresolved,H4
INV-H4-000348,348,review,False,expected_total_unknown|service_match_unresolved|volume_discount_uncertain,H4
INV-H4-000349,349,review,False,expected_total_unknown|volume_discount_uncertain,H4
INV-H4-000352,352,review,False,bundle_eligibility_uncertain|exclusion_presence_uncertain|expected_total_unknown|retention_or_payable_quantity_requires_review|service_match_unresolved|volume_discount_uncertain,H4
INV-H4-000354,354,review,False,bundle_eligibility_uncertain|expected_total_unknown|service_match_unresolved|volume_discount_uncertain,H4
INV-H4-000355,355,erroneous,True,expected_total_unknown|volume_discount_uncertain,H4
INV-H4-000356,356,review,False,expected_total_unknown|volume_discount_uncertain,H4
INV-H4-000358,358,review,False,expected_total_unknown|volume_discount_uncertain,H4
INV-H4-000361,361,review,False,delivered_quantity_or_duplicate_identity_uncertain|expected_total_unknown|retention_or_payable_quantity_requires_review|service_match_unresolved,H4
INV-H4-000363,363,review,False,delivered_quantity_or_duplicate_identity_uncertain|expected_total_unknown|premium_eligibility_uncertain|retention_or_payable_quantity_requires_review|service_match_unresolved,H4
INV-H4-000364,364,review,False,expected_total_unknown|volume_discount_uncertain,H4
INV-H4-000365,365,review,False,expected_total_unknown|volume_discount_uncertain,H4
INV-H4-000366,366,review,False,expected_total_unknown|volume_discount_uncertain,H4
INV-H4-000367,367,review,False,exclusion_presence_uncertain|expected_total_unknown|retention_or_payable_quantity_requires_review|volume_discount_uncertain,H4
INV-H4-000369,369,review,False,bundle_eligibility_uncertain|expected_total_unknown|hospital_4_contractual_unit_unresolved|service_match_unresolved,H4
INV-H4-000376,376,review,False,exclusion_presence_uncertain|expected_total_unknown|retention_or_payable_quantity_requires_review,H4
INV-H4-000377,377,review,False,expected_total_unknown|volume_discount_uncertain,H4
INV-H4-000378,378,review,False,expected_total_unknown|volume_discount_uncertain,H4
INV-H4-000380,380,review,False,exclusion_presence_uncertain|expected_total_unknown|hospital_4_contractual_unit_unresolved|retention_or_payable_quantity_requires_review|service_match_unresolved,H4
INV-H4-000381,381,review,False,expected_total_unknown|hospital_4_contractual_unit_unresolved|service_match_unresolved,H4
INV-H4-000384,384,review,False,bundle_eligibility_uncertain|exclusion_presence_uncertain|expected_total_unknown|retention_or_payable_quantity_requires_review|service_match_unresolved|volume_discount_uncertain,H4
INV-H4-000386,386,review,False,exclusion_presence_uncertain|expected_total_unknown|retention_or_payable_quantity_requires_review|volume_discount_uncertain,H4
INV-H4-000387,387,review,False,expected_total_unknown|hospital_4_contractual_unit_unresolved|service_match_unresolved|volume_discount_uncertain,H4
INV-H4-000389,389,review,False,exclusion_presence_uncertain|expected_total_unknown|retention_or_payable_quantity_requires_review,H4
INV-H4-000390,390,review,False,expected_total_unknown|hospital_4_contractual_unit_unresolved|service_match_unresolved,H4
INV-H4-000391,391,erroneous,True,expected_total_unknown|invalid_date_payability_requires_review|retention_or_payable_quantity_requires_review,H4
INV-H4-000392,392,review,False,expected_total_unknown|volume_discount_uncertain,H4
INV-H4-000393,393,review,False,exclusion_presence_uncertain|expected_total_unknown|retention_or_payable_quantity_requires_review|volume_discount_uncertain,H4
INV-H4-000394,394,review,False,delivered_quantity_or_duplicate_identity_uncertain|expected_total_unknown|premium_eligibility_uncertain|retention_or_payable_quantity_requires_review|service_match_unresolved,H4
INV-H4-000395,395,review,False,expected_total_unknown|volume_discount_uncertain,H4
INV-H4-000397,397,review,False,expected_total_unknown|volume_discount_uncertain,H4
INV-H4-000399,399,review,False,expected_total_unknown|volume_discount_uncertain,H4
INV-H4-000405,405,review,False,expected_total_unknown|service_match_unresolved|volume_discount_uncertain,H4
INV-H4-000406,406,review,False,expected_total_unknown|volume_discount_uncertain,H4
INV-H4-000407,407,review,False,delivered_quantity_or_duplicate_identity_uncertain|expected_total_unknown|premium_eligibility_uncertain|retention_or_payable_quantity_requires_review|service_match_unresolved|volume_discount_uncertain,H4
INV-H4-000408,408,review,False,delivered_quantity_or_duplicate_identity_uncertain|expected_total_unknown|retention_or_payable_quantity_requires_review,H4
INV-H4-000409,409,review,False,expected_total_unknown|volume_discount_uncertain,H4
INV-H4-000410,410,review,False,delivered_quantity_or_duplicate_identity_uncertain|expected_total_unknown|retention_or_payable_quantity_requires_review|volume_discount_uncertain,H4
INV-H4-000411,411,review,False,expected_total_unknown|service_match_unresolved,H4
INV-H4-000413,413,review,False,expected_total_unknown|hospital_4_contractual_unit_unresolved|service_match_unresolved,H4
INV-H4-000414,414,review,False,delivered_quantity_or_duplicate_identity_uncertain|expected_total_unknown|retention_or_payable_quantity_requires_review|volume_discount_uncertain,H4
INV-H4-000415,415,review,False,delivered_quantity_or_duplicate_identity_uncertain|exclusion_presence_uncertain|expected_total_unknown|retention_or_payable_quantity_requires_review,H4
INV-H4-000416,416,review,False,expected_total_unknown|volume_discount_uncertain,H4
INV-H4-000417,417,review,False,delivered_quantity_or_duplicate_identity_uncertain|expected_total_unknown|retention_or_payable_quantity_requires_review,H4
INV-H4-000419,419,review,False,expected_total_unknown|volume_discount_uncertain,H4
INV-H4-000420,420,review,False,expected_total_unknown|volume_discount_uncertain,H4
INV-H4-000421,421,review,False,exclusion_presence_uncertain|expected_total_unknown|retention_or_payable_quantity_requires_review,H4
INV-H4-000422,422,review,False,expected_total_unknown|service_match_unresolved|volume_discount_uncertain,H4
INV-H4-000423,423,review,False,expected_total_unknown|volume_discount_uncertain,H4
INV-H4-000424,424,review,False,exclusion_presence_uncertain|expected_total_unknown|hospital_4_contractual_unit_unresolved|retention_or_payable_quantity_requires_review|service_match_unresolved,H4
INV-H4-000426,426,review,False,expected_total_unknown|service_match_unresolved,H4
INV-H4-000428,428,review,False,delivered_quantity_or_duplicate_identity_uncertain|expected_total_unknown|retention_or_payable_quantity_requires_review|volume_discount_uncertain,H4
INV-H4-000429,429,review,False,bundle_eligibility_uncertain|expected_total_unknown|service_match_unresolved|volume_discount_uncertain,H4
INV-H4-000430,430,review,False,expected_total_unknown|volume_discount_uncertain,H4
INV-H4-000431,431,erroneous,True,bundle_eligibility_uncertain|delivered_quantity_or_duplicate_identity_uncertain|exclusion_presence_uncertain|expected_total_unknown|invalid_date_payability_requires_review|invoice_identifier_join_ambiguous|missing_or_ambiguous_invoice_join|missing_patient_context|nonunique_invoice_id|premium_eligibility_uncertain|retention_or_payable_quantity_requires_review,H4
INV-H4-000431,839,erroneous,True,bundle_eligibility_uncertain|delivered_quantity_or_duplicate_identity_uncertain|exclusion_presence_uncertain|expected_total_unknown|invalid_date_payability_requires_review|invoice_identifier_join_ambiguous|missing_or_ambiguous_invoice_join|missing_patient_context|nonunique_invoice_id|premium_eligibility_uncertain|retention_or_payable_quantity_requires_review,H4
INV-H4-000432,432,review,False,expected_total_unknown|hospital_4_contractual_unit_unresolved|service_match_unresolved,H4
INV-H4-000435,435,review,False,expected_total_unknown|hospital_4_contractual_unit_unresolved|service_match_unresolved,H4
INV-H4-000437,437,review,False,expected_total_unknown|volume_discount_uncertain,H4
INV-H4-000438,438,review,False,expected_total_unknown|service_match_unresolved|volume_discount_uncertain,H4
INV-H4-000441,441,review,False,expected_total_unknown|hospital_4_contractual_unit_unresolved|service_match_unresolved,H4
INV-H4-000442,442,review,False,expected_total_unknown|hospital_4_contractual_unit_unresolved|service_match_unresolved,H4
INV-H4-000445,445,erroneous,True,expected_total_unknown|invalid_date_payability_requires_review|retention_or_payable_quantity_requires_review,H4
INV-H4-000446,446,review,False,expected_total_unknown|volume_discount_uncertain,H4
INV-H4-000448,448,review,False,exclusion_presence_uncertain|expected_total_unknown|retention_or_payable_quantity_requires_review,H4
INV-H4-000450,450,review,False,expected_total_unknown|service_match_unresolved,H4
INV-H4-000452,452,review,False,expected_total_unknown|hospital_4_contractual_unit_unresolved|service_match_unresolved,H4
INV-H4-000453,453,review,False,expected_total_unknown|service_match_unresolved,H4
INV-H4-000454,454,review,False,delivered_quantity_or_duplicate_identity_uncertain|exclusion_presence_uncertain|expected_total_unknown|retention_or_payable_quantity_requires_review|service_match_unresolved,H4
INV-H4-000455,455,review,False,exclusion_presence_uncertain|expected_total_unknown|retention_or_payable_quantity_requires_review,H4
INV-H4-000456,456,review,False,expected_total_unknown|service_match_unresolved,H4
INV-H4-000457,457,review,False,expected_total_unknown|service_match_unresolved,H4
INV-H4-000458,458,review,False,delivered_quantity_or_duplicate_identity_uncertain|exclusion_presence_uncertain|expected_total_unknown|premium_eligibility_uncertain|retention_or_payable_quantity_requires_review|service_match_unresolved,H4
INV-H4-000459,459,review,False,expected_total_unknown|service_match_unresolved|volume_discount_uncertain,H4
INV-H4-000463,463,review,False,expected_total_unknown|hospital_4_contractual_unit_unresolved|service_match_unresolved,H4
INV-H4-000465,465,review,False,expected_total_unknown|hospital_4_contractual_unit_unresolved|service_match_unresolved,H4
INV-H4-000469,469,review,False,expected_total_unknown|volume_discount_uncertain,H4
INV-H4-000471,471,review,False,expected_total_unknown|hospital_4_contractual_unit_unresolved|service_match_unresolved,H4
INV-H4-000473,473,erroneous,True,contract_quantity_unknown_due_to_unit_mismatch|delivered_quantity_or_duplicate_identity_uncertain|expected_total_unknown|premium_eligibility_uncertain|retention_or_payable_quantity_requires_review,H4
INV-H4-000474,474,review,False,expected_total_unknown|volume_discount_uncertain,H4
INV-H4-000475,475,review,False,bundle_eligibility_uncertain|delivered_quantity_or_duplicate_identity_uncertain|expected_total_unknown|hospital_4_contractual_unit_unresolved|retention_or_payable_quantity_requires_review|service_match_unresolved,H4
INV-H4-000476,476,review,False,expected_total_unknown|volume_discount_uncertain,H4
INV-H4-000477,477,review,False,expected_total_unknown|hospital_4_contractual_unit_unresolved|service_match_unresolved,H4
INV-H4-000479,479,review,False,expected_total_unknown|service_match_unresolved|volume_discount_uncertain,H4
INV-H4-000480,480,review,False,expected_total_unknown|volume_discount_uncertain,H4
INV-H4-000481,481,review,False,expected_total_unknown|service_match_unresolved|volume_discount_uncertain,H4
INV-H4-000482,482,review,False,expected_total_unknown|volume_discount_uncertain,H4
INV-H4-000483,483,erroneous,True,expected_total_unknown|service_match_unresolved|volume_discount_uncertain,H4
INV-H4-000484,484,review,False,expected_total_unknown|volume_discount_uncertain,H4
INV-H4-000489,489,review,False,expected_total_unknown|volume_discount_uncertain,H4
INV-H4-000490,490,review,False,expected_total_unknown|hospital_4_contractual_unit_unresolved|service_match_unresolved,H4
INV-H4-000493,493,review,False,expected_total_unknown|service_match_unresolved,H4
INV-H4-000494,494,review,False,expected_total_unknown|service_match_unresolved,H4
INV-H4-000496,496,review,False,expected_total_unknown|volume_discount_uncertain,H4
INV-H4-000501,501,review,False,expected_total_unknown|volume_discount_uncertain,H4
INV-H4-000502,502,review,False,expected_total_unknown|volume_discount_uncertain,H4
INV-H4-000504,504,erroneous,True,bundle_eligibility_uncertain|contract_quantity_unknown_due_to_unit_mismatch|delivered_quantity_or_duplicate_identity_uncertain|expected_total_unknown|retention_or_payable_quantity_requires_review,H4
INV-H4-000506,506,review,False,expected_total_unknown|service_match_unresolved|volume_discount_uncertain,H4
INV-H4-000507,507,review,False,expected_total_unknown|volume_discount_uncertain,H4
INV-H4-000508,508,review,False,expected_total_unknown|volume_discount_uncertain,H4
INV-H4-000509,509,review,False,expected_total_unknown|service_match_unresolved,H4
INV-H4-000510,510,review,False,expected_total_unknown|service_match_unresolved,H4
INV-H4-000512,512,review,False,bundle_eligibility_uncertain|expected_total_unknown|service_match_unresolved,H4
INV-H4-000515,515,review,False,exclusion_presence_uncertain|expected_total_unknown|retention_or_payable_quantity_requires_review|service_match_unresolved,H4
INV-H4-000520,520,review,False,delivered_quantity_or_duplicate_identity_uncertain|expected_total_unknown|retention_or_payable_quantity_requires_review|service_match_unresolved,H4
INV-H4-000522,522,review,False,expected_total_unknown|volume_discount_uncertain,H4
INV-H4-000523,523,review,False,expected_total_unknown|service_match_unresolved,H4
INV-H4-000524,524,review,False,exclusion_presence_uncertain|expected_total_unknown|retention_or_payable_quantity_requires_review,H4
INV-H4-000526,526,review,False,exclusion_presence_uncertain|expected_total_unknown|retention_or_payable_quantity_requires_review|service_match_unresolved,H4
INV-H4-000527,527,review,False,expected_total_unknown|hospital_4_contractual_unit_unresolved|service_match_unresolved,H4
INV-H4-000528,528,erroneous,True,delivered_quantity_or_duplicate_identity_uncertain|expected_total_unknown|invalid_date_payability_requires_review|retention_or_payable_quantity_requires_review|volume_discount_uncertain,H4
INV-H4-000529,529,review,False,expected_total_unknown|service_match_unresolved,H4
INV-H4-000530,530,review,False,exclusion_presence_uncertain|expected_total_unknown|retention_or_payable_quantity_requires_review,H4
INV-H4-000531,531,review,False,expected_total_unknown|hospital_4_contractual_unit_unresolved|service_match_unresolved,H4
INV-H4-000532,532,review,False,expected_total_unknown|hospital_4_contractual_unit_unresolved|service_match_unresolved,H4
INV-H4-000533,533,review,False,expected_total_unknown|service_match_unresolved|volume_discount_uncertain,H4
INV-H4-000534,534,review,False,expected_total_unknown|volume_discount_uncertain,H4
INV-H4-000536,536,review,False,expected_total_unknown|hospital_4_contractual_unit_unresolved|service_match_unresolved,H4
INV-H4-000539,539,review,False,expected_total_unknown|volume_discount_uncertain,H4
INV-H4-000541,541,erroneous,True,contract_quantity_unknown_due_to_unit_mismatch|delivered_quantity_or_duplicate_identity_uncertain|expected_total_unknown|retention_or_payable_quantity_requires_review,H4
INV-H4-000542,542,review,False,bundle_eligibility_uncertain|expected_total_unknown|service_match_unresolved|volume_discount_uncertain,H4
INV-H4-000545,545,review,False,expected_total_unknown|service_match_unresolved,H4
INV-H4-000546,546,review,False,bundle_eligibility_uncertain|delivered_quantity_or_duplicate_identity_uncertain|expected_total_unknown|retention_or_payable_quantity_requires_review|service_match_unresolved,H4
INV-H4-000549,549,review,False,expected_total_unknown|service_match_unresolved,H4
INV-H4-000551,551,review,False,expected_total_unknown|volume_discount_uncertain,H4
INV-H4-000552,552,review,False,delivered_quantity_or_duplicate_identity_uncertain|expected_total_unknown|retention_or_payable_quantity_requires_review|service_match_unresolved,H4
INV-H4-000555,555,review,False,expected_total_unknown|hospital_4_contractual_unit_unresolved|service_match_unresolved,H4
INV-H4-000560,560,review,False,expected_total_unknown|hospital_4_contractual_unit_unresolved|service_match_unresolved|volume_discount_uncertain,H4
INV-H4-000562,562,review,False,expected_total_unknown|service_match_unresolved|volume_discount_uncertain,H4
INV-H4-000563,563,review,False,expected_total_unknown|volume_discount_uncertain,H4
INV-H4-000564,564,review,False,expected_total_unknown|hospital_4_contractual_unit_unresolved|service_match_unresolved|volume_discount_uncertain,H4
INV-H4-000565,565,review,False,expected_total_unknown|volume_discount_uncertain,H4
INV-H4-000567,567,review,False,expected_total_unknown|service_match_unresolved|volume_discount_uncertain,H4
INV-H4-000568,568,review,False,expected_total_unknown|hospital_4_contractual_unit_unresolved|service_match_unresolved|volume_discount_uncertain,H4
INV-H4-000569,569,review,False,expected_total_unknown|hospital_4_contractual_unit_unresolved|service_match_unresolved|volume_discount_uncertain,H4
INV-H4-000573,573,review,False,expected_total_unknown|volume_discount_uncertain,H4
INV-H4-000575,575,review,False,expected_total_unknown|hospital_4_contractual_unit_unresolved|service_match_unresolved|volume_discount_uncertain,H4
INV-H4-000576,576,erroneous,True,bundle_eligibility_uncertain|delivered_quantity_or_duplicate_identity_uncertain|exclusion_presence_uncertain|expected_total_unknown|invalid_date_payability_requires_review|retention_or_payable_quantity_requires_review|service_match_unresolved|volume_discount_uncertain,H4
INV-H4-000577,577,review,False,expected_total_unknown|hospital_4_contractual_unit_unresolved|service_match_unresolved|volume_discount_uncertain,H4
INV-H4-000579,579,review,False,bundle_eligibility_uncertain|expected_total_unknown|service_match_unresolved|volume_discount_uncertain,H4
INV-H4-000581,581,review,False,expected_total_unknown|volume_discount_uncertain,H4
INV-H4-000582,582,review,False,expected_total_unknown|volume_discount_uncertain,H4
INV-H4-000584,584,review,False,expected_total_unknown|volume_discount_uncertain,H4
INV-H4-000587,587,review,False,expected_total_unknown|service_match_unresolved|volume_discount_uncertain,H4
INV-H4-000588,588,review,False,expected_total_unknown|service_match_unresolved,H4
INV-H4-000589,589,review,False,expected_total_unknown|hospital_4_contractual_unit_unresolved|service_match_unresolved|volume_discount_uncertain,H4
INV-H4-000590,590,review,False,delivered_quantity_or_duplicate_identity_uncertain|expected_total_unknown|retention_or_payable_quantity_requires_review|service_match_unresolved|volume_discount_uncertain,H4
INV-H4-000594,594,review,False,expected_total_unknown|volume_discount_uncertain,H4
INV-H4-000595,595,review,False,expected_total_unknown|volume_discount_uncertain,H4
INV-H4-000597,597,review,False,expected_total_unknown|volume_discount_uncertain,H4
INV-H4-000599,599,review,False,expected_total_unknown|volume_discount_uncertain,H4
INV-H4-000600,600,review,False,expected_total_unknown|hospital_4_contractual_unit_unresolved|service_match_unresolved,H4
INV-H4-000601,601,review,False,expected_total_unknown|service_match_unresolved,H4
INV-H4-000602,602,review,False,expected_total_unknown|hospital_4_contractual_unit_unresolved|service_match_unresolved,H4
INV-H4-000605,605,review,False,bundle_eligibility_uncertain|delivered_quantity_or_duplicate_identity_uncertain|expected_total_unknown|retention_or_payable_quantity_requires_review,H4
INV-H4-000607,607,erroneous,True,bundle_eligibility_uncertain|delivered_quantity_or_duplicate_identity_uncertain|exclusion_presence_uncertain|expected_total_unknown|invalid_date_payability_requires_review|invoice_identifier_join_ambiguous|missing_or_ambiguous_invoice_join|missing_patient_context|nonunique_invoice_id|premium_eligibility_uncertain|retention_or_payable_quantity_requires_review,H4
INV-H4-000607,787,erroneous,True,bundle_eligibility_uncertain|delivered_quantity_or_duplicate_identity_uncertain|exclusion_presence_uncertain|expected_total_unknown|invalid_date_payability_requires_review|invoice_identifier_join_ambiguous|missing_or_ambiguous_invoice_join|missing_patient_context|nonunique_invoice_id|premium_eligibility_uncertain|retention_or_payable_quantity_requires_review,H4
INV-H4-000608,608,review,False,bundle_eligibility_uncertain|expected_total_unknown|service_match_unresolved|volume_discount_uncertain,H4
INV-H4-000609,609,erroneous,True,expected_total_unknown|hospital_4_contractual_unit_unresolved|service_match_unresolved,H4
INV-H4-000610,610,erroneous,True,delivered_quantity_or_duplicate_identity_uncertain|expected_total_unknown|retention_or_payable_quantity_requires_review,H4
INV-H4-000611,611,review,False,expected_total_unknown|volume_discount_uncertain,H4
INV-H4-000612,612,review,False,expected_total_unknown|volume_discount_uncertain,H4
INV-H4-000613,613,review,False,expected_total_unknown|volume_discount_uncertain,H4
INV-H4-000615,615,review,False,expected_total_unknown|volume_discount_uncertain,H4
INV-H4-000616,616,review,False,expected_total_unknown|service_match_unresolved,H4
INV-H4-000621,621,review,False,expected_total_unknown|hospital_4_contractual_unit_unresolved|service_match_unresolved|volume_discount_uncertain,H4
INV-H4-000623,623,review,False,expected_total_unknown|volume_discount_uncertain,H4
INV-H4-000624,624,erroneous,True,expected_total_unknown|volume_discount_uncertain,H4
INV-H4-000625,625,review,False,expected_total_unknown|hospital_4_contractual_unit_unresolved|service_match_unresolved,H4
INV-H4-000626,626,review,False,expected_total_unknown|service_match_unresolved,H4
INV-H4-000628,628,review,False,expected_total_unknown|service_match_unresolved|volume_discount_uncertain,H4
INV-H4-000633,633,review,False,expected_total_unknown|volume_discount_uncertain,H4
INV-H4-000635,635,review,False,expected_total_unknown|service_match_unresolved,H4
INV-H4-000636,636,review,False,expected_total_unknown|service_match_unresolved,H4
INV-H4-000637,637,review,False,expected_total_unknown|service_match_unresolved,H4
INV-H4-000638,638,review,False,expected_total_unknown|service_match_unresolved|volume_discount_uncertain,H4
INV-H4-000639,639,review,False,expected_total_unknown|volume_discount_uncertain,H4
INV-H4-000640,640,review,False,expected_total_unknown|volume_discount_uncertain,H4
INV-H4-000641,641,review,False,expected_total_unknown|volume_discount_uncertain,H4
INV-H4-000644,644,review,False,expected_total_unknown|volume_discount_uncertain,H4
INV-H4-000647,647,review,False,expected_total_unknown|volume_discount_uncertain,H4
INV-H4-000648,648,erroneous,True,contract_quantity_unknown_due_to_unit_mismatch|delivered_quantity_or_duplicate_identity_uncertain|expected_total_unknown|premium_eligibility_uncertain|retention_or_payable_quantity_requires_review|volume_discount_uncertain,H4
INV-H4-000652,652,review,False,expected_total_unknown|volume_discount_uncertain,H4
INV-H4-000654,654,review,False,exclusion_presence_uncertain|expected_total_unknown|retention_or_payable_quantity_requires_review|service_match_unresolved,H4
INV-H4-000655,655,review,False,expected_total_unknown|hospital_4_contractual_unit_unresolved|service_match_unresolved,H4
INV-H4-000657,657,review,False,expected_total_unknown|volume_discount_uncertain,H4
INV-H4-000658,658,erroneous,True,bundle_eligibility_uncertain|contract_quantity_unknown_due_to_unit_mismatch|delivered_quantity_or_duplicate_identity_uncertain|expected_total_unknown|hospital_4_contractual_unit_unresolved|retention_or_payable_quantity_requires_review|service_match_unresolved,H4
INV-H4-000659,659,review,False,expected_total_unknown|volume_discount_uncertain,H4
INV-H4-000660,660,review,False,expected_total_unknown|volume_discount_uncertain,H4
INV-H4-000661,661,review,False,expected_total_unknown|volume_discount_uncertain,H4
INV-H4-000662,662,review,False,expected_total_unknown|service_match_unresolved|volume_discount_uncertain,H4
INV-H4-000663,663,review,False,expected_total_unknown|volume_discount_uncertain,H4
INV-H4-000664,664,review,False,expected_total_unknown|volume_discount_uncertain,H4
INV-H4-000665,665,erroneous,True,expected_total_unknown|service_match_unresolved,H4
INV-H4-000666,666,review,False,expected_total_unknown|volume_discount_uncertain,H4
INV-H4-000668,668,review,False,expected_total_unknown|volume_discount_uncertain,H4
INV-H4-000671,671,review,False,expected_total_unknown|volume_discount_uncertain,H4
INV-H4-000674,674,review,False,expected_total_unknown|volume_discount_uncertain,H4
INV-H4-000676,676,review,False,expected_total_unknown|service_match_unresolved,H4
INV-H4-000677,677,review,False,expected_total_unknown|hospital_4_contractual_unit_unresolved|service_match_unresolved,H4
INV-H4-000678,678,erroneous,True,delivered_quantity_or_duplicate_identity_uncertain|expected_total_unknown|invalid_date_payability_requires_review|retention_or_payable_quantity_requires_review|service_match_unresolved,H4
INV-H4-000679,679,review,False,expected_total_unknown|volume_discount_uncertain,H4
INV-H4-000680,680,review,False,bundle_eligibility_uncertain|expected_total_unknown|service_match_unresolved,H4
INV-H4-000684,684,review,False,expected_total_unknown|volume_discount_uncertain,H4
INV-H4-000686,686,review,False,expected_total_unknown|service_match_unresolved,H4
INV-H4-000690,690,review,False,expected_total_unknown|volume_discount_uncertain,H4
INV-H4-000691,691,erroneous,True,contract_quantity_unknown_due_to_unit_mismatch|delivered_quantity_or_duplicate_identity_uncertain|expected_total_unknown|invalid_date_payability_requires_review|retention_or_payable_quantity_requires_review|service_match_unresolved|volume_discount_uncertain,H4
INV-H4-000692,692,erroneous,True,expected_total_unknown|volume_discount_uncertain,H4
INV-H4-000693,693,erroneous,True,expected_total_unknown|hospital_4_contractual_unit_unresolved|invalid_date_payability_requires_review|retention_or_payable_quantity_requires_review|service_match_unresolved,H4
INV-H4-000694,694,review,False,expected_total_unknown|hospital_4_contractual_unit_unresolved|service_match_unresolved,H4
INV-H4-000695,695,review,False,expected_total_unknown|service_match_unresolved,H4
INV-H4-000696,696,review,False,expected_total_unknown|service_match_unresolved,H4
INV-H4-000698,698,review,False,expected_total_unknown|service_match_unresolved|volume_discount_uncertain,H4
INV-H4-000699,699,review,False,expected_total_unknown|volume_discount_uncertain,H4
INV-H4-000700,700,erroneous,True,delivered_quantity_or_duplicate_identity_uncertain|expected_total_unknown|invalid_date_payability_requires_review|retention_or_payable_quantity_requires_review|service_match_unresolved,H4
INV-H4-000701,701,review,False,expected_total_unknown|service_match_unresolved,H4
INV-H4-000702,702,review,False,expected_total_unknown|service_match_unresolved,H4
INV-H4-000705,705,review,False,expected_total_unknown|hospital_4_contractual_unit_unresolved|service_match_unresolved,H4
INV-H4-000706,706,review,False,expected_total_unknown|hospital_4_contractual_unit_unresolved|service_match_unresolved,H4
INV-H4-000708,708,review,False,expected_total_unknown|hospital_4_contractual_unit_unresolved|service_match_unresolved,H4
INV-H4-000713,713,review,False,exclusion_presence_uncertain|expected_total_unknown|retention_or_payable_quantity_requires_review|service_match_unresolved,H4
INV-H4-000714,714,review,False,expected_total_unknown|volume_discount_uncertain,H4
INV-H4-000715,715,review,False,expected_total_unknown|volume_discount_uncertain,H4
INV-H4-000716,716,review,False,expected_total_unknown|hospital_4_contractual_unit_unresolved|service_match_unresolved|volume_discount_uncertain,H4
INV-H4-000720,720,review,False,expected_total_unknown|service_match_unresolved,H4
INV-H4-000724,724,erroneous,True,expected_total_unknown|hospital_4_contractual_unit_unresolved|invalid_date_payability_requires_review|retention_or_payable_quantity_requires_review|service_match_unresolved,H4
INV-H4-000725,725,review,False,expected_total_unknown|volume_discount_uncertain,H4
INV-H4-000727,727,review,False,bundle_eligibility_uncertain|expected_total_unknown|service_match_unresolved,H4
INV-H4-000729,729,review,False,bundle_eligibility_uncertain|exclusion_presence_uncertain|expected_total_unknown|retention_or_payable_quantity_requires_review|service_match_unresolved,H4
INV-H4-000731,731,review,False,expected_total_unknown|volume_discount_uncertain,H4
INV-H4-000734,734,review,False,expected_total_unknown|volume_discount_uncertain,H4
INV-H4-000737,737,review,False,expected_total_unknown|volume_discount_uncertain,H4
INV-H4-000738,738,review,False,expected_total_unknown|volume_discount_uncertain,H4
INV-H4-000739,739,review,False,expected_total_unknown|hospital_4_contractual_unit_unresolved|service_match_unresolved|volume_discount_uncertain,H4
INV-H4-000740,740,review,False,expected_total_unknown|hospital_4_contractual_unit_unresolved|service_match_unresolved,H4
INV-H4-000742,742,review,False,expected_total_unknown|hospital_4_contractual_unit_unresolved|service_match_unresolved|volume_discount_uncertain,H4
INV-H4-000743,743,review,False,expected_total_unknown|service_match_unresolved,H4
INV-H4-000745,745,review,False,expected_total_unknown|volume_discount_uncertain,H4
INV-H4-000746,746,review,False,expected_total_unknown|volume_discount_uncertain,H4
INV-H4-000751,751,review,False,expected_total_unknown|hospital_4_contractual_unit_unresolved|service_match_unresolved|volume_discount_uncertain,H4
INV-H4-000752,752,review,False,expected_total_unknown|volume_discount_uncertain,H4
INV-H4-000755,755,review,False,expected_total_unknown|volume_discount_uncertain,H4
INV-H4-000756,756,review,False,expected_total_unknown|hospital_4_contractual_unit_unresolved|service_match_unresolved|volume_discount_uncertain,H4
INV-H4-000758,758,review,False,expected_total_unknown|service_match_unresolved|volume_discount_uncertain,H4
INV-H4-000760,760,review,False,bundle_eligibility_uncertain|expected_total_unknown|service_match_unresolved,H4
INV-H4-000762,762,review,False,delivered_quantity_or_duplicate_identity_uncertain|expected_total_unknown|premium_eligibility_uncertain|retention_or_payable_quantity_requires_review|service_match_unresolved,H4
INV-H4-000763,763,review,False,bundle_eligibility_uncertain|exclusion_presence_uncertain|expected_total_unknown|hospital_4_contractual_unit_unresolved|retention_or_payable_quantity_requires_review|service_match_unresolved|volume_discount_uncertain,H4
INV-H4-000764,764,review,False,expected_total_unknown|volume_discount_uncertain,H4
INV-H4-000765,765,review,False,bundle_eligibility_uncertain|expected_total_unknown|service_match_unresolved|volume_discount_uncertain,H4
INV-H4-000766,766,review,False,expected_total_unknown|service_match_unresolved,H4
INV-H4-000768,768,review,False,expected_total_unknown|hospital_4_contractual_unit_unresolved|service_match_unresolved,H4
INV-H4-000770,770,review,False,expected_total_unknown|volume_discount_uncertain,H4
INV-H4-000772,772,review,False,expected_total_unknown|volume_discount_uncertain,H4
INV-H4-000774,774,review,False,expected_total_unknown|service_match_unresolved,H4
INV-H4-000777,777,review,False,expected_total_unknown|volume_discount_uncertain,H4
INV-H4-000779,779,review,False,bundle_eligibility_uncertain|delivered_quantity_or_duplicate_identity_uncertain|expected_total_unknown|retention_or_payable_quantity_requires_review|service_match_unresolved|volume_discount_uncertain,H4
INV-H4-000781,781,review,False,expected_total_unknown|hospital_4_contractual_unit_unresolved|service_match_unresolved,H4
INV-H4-000782,782,review,False,expected_total_unknown|hospital_4_contractual_unit_unresolved|service_match_unresolved,H4
INV-H4-000783,783,review,False,expected_total_unknown|service_match_unresolved,H4
INV-H4-000784,784,review,False,expected_total_unknown|volume_discount_uncertain,H4
INV-H4-000785,785,review,False,expected_total_unknown|volume_discount_uncertain,H4
INV-H4-000786,786,review,False,delivered_quantity_or_duplicate_identity_uncertain|expected_total_unknown|retention_or_payable_quantity_requires_review|service_match_unresolved,H4
INV-H4-000793,793,review,False,expected_total_unknown|hospital_4_contractual_unit_unresolved|service_match_unresolved,H4
INV-H4-000794,794,review,False,expected_total_unknown|volume_discount_uncertain,H4
INV-H4-000795,795,review,False,delivered_quantity_or_duplicate_identity_uncertain|exclusion_presence_uncertain|expected_total_unknown|hospital_4_contractual_unit_unresolved|premium_eligibility_uncertain|retention_or_payable_quantity_requires_review|service_match_unresolved,H4
INV-H4-000798,798,review,False,expected_total_unknown|volume_discount_uncertain,H4
INV-H4-000801,801,review,False,expected_total_unknown|volume_discount_uncertain,H4
INV-H4-000802,802,review,False,expected_total_unknown|hospital_4_contractual_unit_unresolved|service_match_unresolved,H4
INV-H4-000804,804,review,False,expected_total_unknown|hospital_4_contractual_unit_unresolved|service_match_unresolved,H4
INV-H4-000805,805,review,False,expected_total_unknown|service_match_unresolved,H4
INV-H4-000807,807,review,False,expected_total_unknown|service_match_unresolved,H4
INV-H4-000808,808,review,False,expected_total_unknown|hospital_4_contractual_unit_unresolved|service_match_unresolved|volume_discount_uncertain,H4
INV-H4-000809,809,review,False,expected_total_unknown|volume_discount_uncertain,H4
INV-H4-000810,810,review,False,expected_total_unknown|hospital_4_contractual_unit_unresolved|service_match_unresolved,H4
INV-H4-000813,813,review,False,expected_total_unknown|hospital_4_contractual_unit_unresolved|service_match_unresolved|volume_discount_uncertain,H4
INV-H4-000814,814,review,False,expected_total_unknown|hospital_4_contractual_unit_unresolved|service_match_unresolved,H4
INV-H4-000815,815,review,False,expected_total_unknown|service_match_unresolved|volume_discount_uncertain,H4
INV-H4-000817,817,review,False,delivered_quantity_or_duplicate_identity_uncertain|expected_total_unknown|retention_or_payable_quantity_requires_review|service_match_unresolved|volume_discount_uncertain,H4
INV-H4-000818,818,review,False,expected_total_unknown|volume_discount_uncertain,H4
INV-H4-000819,819,review,False,expected_total_unknown|volume_discount_uncertain,H4
INV-H4-000820,820,review,False,expected_total_unknown|volume_discount_uncertain,H4
INV-H4-000822,822,review,False,expected_total_unknown|hospital_4_contractual_unit_unresolved|service_match_unresolved|volume_discount_uncertain,H4
INV-H4-000831,831,review,False,expected_total_unknown|volume_discount_uncertain,H4
INV-H4-000835,835,review,False,exclusion_presence_uncertain|expected_total_unknown|retention_or_payable_quantity_requires_review,H4
INV-H4-000836,836,review,False,expected_total_unknown|volume_discount_uncertain,H4
INV-H4-000837,837,review,False,bundle_eligibility_uncertain|exclusion_presence_uncertain|expected_total_unknown|hospital_4_contractual_unit_unresolved|retention_or_payable_quantity_requires_review|service_match_unresolved,H4
INV-H4-000838,838,review,False,expected_total_unknown|volume_discount_uncertain,H4
INV-H4-000840,840,review,False,expected_total_unknown|hospital_4_contractual_unit_unresolved|service_match_unresolved,H4
INV-H5-000001,1,erroneous,True,delivered_quantity_or_duplicate_identity_uncertain|exclusion_presence_uncertain|expected_total_unknown|facility_code_multiplier_unknown|invalid_date_payability_requires_review|invoice_identifier_join_ambiguous|missing_or_ambiguous_invoice_join|missing_patient_context|nonunique_invoice_id|plan_tier_multiplier_unknown|premium_eligibility_uncertain|retention_or_payable_quantity_requires_review|service_match_unresolved|volume_discount_uncertain,H5
INV-H5-000001,232,erroneous,True,delivered_quantity_or_duplicate_identity_uncertain|exclusion_presence_uncertain|expected_total_unknown|facility_code_multiplier_unknown|invalid_date_payability_requires_review|invoice_identifier_join_ambiguous|missing_or_ambiguous_invoice_join|missing_patient_context|nonunique_invoice_id|plan_tier_multiplier_unknown|premium_eligibility_uncertain|retention_or_payable_quantity_requires_review|service_match_unresolved|volume_discount_uncertain,H5
INV-H5-000002,2,review,False,delivered_quantity_or_duplicate_identity_uncertain|expected_total_unknown|retention_or_payable_quantity_requires_review,H5
INV-H5-000005,5,review,False,delivered_quantity_or_duplicate_identity_uncertain|expected_total_unknown|retention_or_payable_quantity_requires_review,H5
INV-H5-000006,6,review,False,delivered_quantity_or_duplicate_identity_uncertain|expected_total_unknown|retention_or_payable_quantity_requires_review|service_match_unresolved,H5
INV-H5-000007,7,review,False,delivered_quantity_or_duplicate_identity_uncertain|expected_total_unknown|retention_or_payable_quantity_requires_review,H5
INV-H5-000008,8,review,False,contractual_dual_unit_unresolved|expected_total_unknown|service_match_unresolved,H5
INV-H5-000011,11,review,False,expected_total_unknown|service_match_unresolved,H5
INV-H5-000019,19,review,False,expected_total_unknown|service_match_unresolved,H5
INV-H5-000020,20,review,False,expected_total_unknown|service_match_unresolved,H5
INV-H5-000024,24,review,False,bundle_eligibility_uncertain|expected_total_unknown|service_match_unresolved,H5
INV-H5-000025,25,review,False,contractual_dual_unit_unresolved|expected_total_unknown|service_match_unresolved,H5
INV-H5-000029,29,review,False,expected_total_unknown|service_match_unresolved,H5
INV-H5-000031,31,review,False,bundle_eligibility_uncertain|expected_total_unknown|service_match_unresolved,H5
INV-H5-000032,32,review,False,contractual_dual_unit_unresolved|expected_total_unknown|service_match_unresolved|volume_discount_uncertain,H5
INV-H5-000034,34,erroneous,True,delivered_quantity_or_duplicate_identity_uncertain|duplicate_correction_not_approved_for_hospital|exclusion_presence_uncertain|expected_total_unknown|invalid_date_payability_requires_review|retention_or_payable_quantity_requires_review|service_match_unresolved,H5
INV-H5-000035,35,review,False,expected_total_unknown|volume_discount_uncertain,H5
INV-H5-000037,37,review,False,delivered_quantity_or_duplicate_identity_uncertain|expected_total_unknown|retention_or_payable_quantity_requires_review|volume_discount_uncertain,H5
INV-H5-000038,38,review,False,contractual_dual_unit_unresolved|expected_total_unknown|service_match_unresolved|volume_discount_uncertain,H5
INV-H5-000039,39,review,False,expected_total_unknown|volume_discount_uncertain,H5
INV-H5-000040,40,review,False,contractual_dual_unit_unresolved|delivered_quantity_or_duplicate_identity_uncertain|expected_total_unknown|retention_or_payable_quantity_requires_review|service_match_unresolved|volume_discount_uncertain,H5
INV-H5-000041,41,review,False,expected_total_unknown|volume_discount_uncertain,H5
INV-H5-000042,42,review,False,expected_total_unknown|volume_discount_uncertain,H5
INV-H5-000043,43,review,False,expected_total_unknown|volume_discount_uncertain,H5
INV-H5-000044,44,review,False,expected_total_unknown|volume_discount_uncertain,H5
INV-H5-000045,45,review,False,contractual_dual_unit_unresolved|expected_total_unknown|service_match_unresolved|volume_discount_uncertain,H5
INV-H5-000046,46,erroneous,True,contract_quantity_unknown_due_to_unit_mismatch|delivered_quantity_or_duplicate_identity_uncertain|expected_total_unknown|retention_or_payable_quantity_requires_review|service_match_unresolved|volume_discount_uncertain,H5
INV-H5-000047,47,review,False,expected_total_unknown|volume_discount_uncertain,H5
INV-H5-000049,49,review,False,expected_total_unknown|volume_discount_uncertain,H5
INV-H5-000050,50,review,False,expected_total_unknown|service_match_unresolved|volume_discount_uncertain,H5
INV-H5-000051,51,review,False,contractual_dual_unit_unresolved|expected_total_unknown|service_match_unresolved|volume_discount_uncertain,H5
INV-H5-000052,52,review,False,expected_total_unknown|volume_discount_uncertain,H5
INV-H5-000053,53,review,False,expected_total_unknown|volume_discount_uncertain,H5
INV-H5-000054,54,review,False,expected_total_unknown|service_match_unresolved|volume_discount_uncertain,H5
INV-H5-000055,55,review,False,expected_total_unknown|volume_discount_uncertain,H5
INV-H5-000056,56,review,False,expected_total_unknown|volume_discount_uncertain,H5
INV-H5-000057,57,review,False,bundle_eligibility_uncertain|expected_total_unknown|service_match_unresolved|volume_discount_uncertain,H5
INV-H5-000058,58,review,False,exclusion_presence_uncertain|expected_total_unknown|retention_or_payable_quantity_requires_review|volume_discount_uncertain,H5
INV-H5-000059,59,review,False,expected_total_unknown|volume_discount_uncertain,H5
INV-H5-000060,60,review,False,expected_total_unknown|service_match_unresolved|volume_discount_uncertain,H5
INV-H5-000061,61,review,False,expected_total_unknown|volume_discount_uncertain,H5
INV-H5-000062,62,review,False,expected_total_unknown|volume_discount_uncertain,H5
INV-H5-000063,63,review,False,expected_total_unknown|volume_discount_uncertain,H5
INV-H5-000064,64,review,False,expected_total_unknown|volume_discount_uncertain,H5
INV-H5-000065,65,review,False,delivered_quantity_or_duplicate_identity_uncertain|expected_total_unknown|retention_or_payable_quantity_requires_review|volume_discount_uncertain,H5
INV-H5-000066,66,review,False,expected_total_unknown|service_match_unresolved|volume_discount_uncertain,H5
INV-H5-000067,67,review,False,expected_total_unknown|service_match_unresolved|volume_discount_uncertain,H5
INV-H5-000068,68,review,False,expected_total_unknown|service_match_unresolved|volume_discount_uncertain,H5
INV-H5-000069,69,review,False,expected_total_unknown|volume_discount_uncertain,H5
INV-H5-000070,70,review,False,bundle_eligibility_uncertain|delivered_quantity_or_duplicate_identity_uncertain|exclusion_presence_uncertain|expected_total_unknown|premium_eligibility_uncertain|retention_or_payable_quantity_requires_review|service_match_unresolved,H5
INV-H5-000072,72,review,False,delivered_quantity_or_duplicate_identity_uncertain|expected_total_unknown|premium_eligibility_uncertain|retention_or_payable_quantity_requires_review|volume_discount_uncertain,H5
INV-H5-000073,73,erroneous,True,delivered_quantity_or_duplicate_identity_uncertain|exclusion_presence_uncertain|expected_total_unknown|premium_eligibility_uncertain|retention_or_payable_quantity_requires_review|service_match_unresolved|volume_discount_uncertain,H5
INV-H5-000074,74,erroneous,True,contractual_dual_unit_unresolved|delivered_quantity_or_duplicate_identity_uncertain|exclusion_presence_uncertain|expected_total_unknown|facility_code_multiplier_unknown|invalid_date_payability_requires_review|invoice_identifier_join_ambiguous|missing_or_ambiguous_invoice_join|missing_patient_context|nonunique_invoice_id|plan_tier_multiplier_unknown|premium_eligibility_uncertain|retention_or_payable_quantity_requires_review|service_match_unresolved|volume_discount_uncertain,H5
INV-H5-000074,829,erroneous,True,contractual_dual_unit_unresolved|delivered_quantity_or_duplicate_identity_uncertain|exclusion_presence_uncertain|expected_total_unknown|facility_code_multiplier_unknown|invalid_date_payability_requires_review|invoice_identifier_join_ambiguous|missing_or_ambiguous_invoice_join|missing_patient_context|nonunique_invoice_id|plan_tier_multiplier_unknown|premium_eligibility_uncertain|retention_or_payable_quantity_requires_review|service_match_unresolved|volume_discount_uncertain,H5
INV-H5-000075,75,review,False,delivered_quantity_or_duplicate_identity_uncertain|exclusion_presence_uncertain|expected_total_unknown|retention_or_payable_quantity_requires_review|volume_discount_uncertain,H5
INV-H5-000076,76,erroneous,True,bundle_eligibility_uncertain|delivered_quantity_or_duplicate_identity_uncertain|exclusion_presence_uncertain|expected_total_unknown|facility_code_multiplier_unknown|invalid_date_payability_requires_review|invoice_identifier_join_ambiguous|missing_or_ambiguous_invoice_join|missing_patient_context|nonunique_invoice_id|plan_tier_multiplier_unknown|premium_eligibility_uncertain|retention_or_payable_quantity_requires_review|service_match_unresolved|volume_discount_uncertain,H5
INV-H5-000076,104,erroneous,True,bundle_eligibility_uncertain|delivered_quantity_or_duplicate_identity_uncertain|exclusion_presence_uncertain|expected_total_unknown|facility_code_multiplier_unknown|invalid_date_payability_requires_review|invoice_identifier_join_ambiguous|missing_or_ambiguous_invoice_join|missing_patient_context|nonunique_invoice_id|plan_tier_multiplier_unknown|premium_eligibility_uncertain|retention_or_payable_quantity_requires_review|service_match_unresolved|volume_discount_uncertain,H5
INV-H5-000077,77,erroneous,True,expected_total_unknown|invalid_date_payability_requires_review|retention_or_payable_quantity_requires_review|volume_discount_uncertain,H5
INV-H5-000078,78,review,False,expected_total_unknown|volume_discount_uncertain,H5
INV-H5-000079,79,review,False,expected_total_unknown|service_match_unresolved|volume_discount_uncertain,H5
INV-H5-000080,80,review,False,expected_total_unknown|volume_discount_uncertain,H5
INV-H5-000081,81,review,False,expected_total_unknown|volume_discount_uncertain,H5
INV-H5-000082,82,review,False,expected_total_unknown|service_match_unresolved|volume_discount_uncertain,H5
INV-H5-000083,83,review,False,exclusion_presence_uncertain|expected_total_unknown|retention_or_payable_quantity_requires_review|volume_discount_uncertain,H5
INV-H5-000084,84,review,False,expected_total_unknown|service_match_unresolved,H5
INV-H5-000085,85,review,False,expected_total_unknown|service_match_unresolved,H5
INV-H5-000086,86,review,False,expected_total_unknown|volume_discount_uncertain,H5
INV-H5-000089,89,review,False,expected_total_unknown|volume_discount_uncertain,H5
INV-H5-000091,91,erroneous,True,expected_total_unknown|service_match_unresolved|volume_discount_uncertain,H5
INV-H5-000092,92,review,False,expected_total_unknown|volume_discount_uncertain,H5
INV-H5-000093,93,review,False,expected_total_unknown|service_match_unresolved|volume_discount_uncertain,H5
INV-H5-000094,94,review,False,expected_total_unknown|volume_discount_uncertain,H5
INV-H5-000095,95,review,False,delivered_quantity_or_duplicate_identity_uncertain|expected_total_unknown|retention_or_payable_quantity_requires_review,H5
INV-H5-000096,96,review,False,expected_total_unknown|volume_discount_uncertain,H5
INV-H5-000097,97,review,False,expected_total_unknown|volume_discount_uncertain,H5
INV-H5-000098,98,review,False,contractual_dual_unit_unresolved|expected_total_unknown|service_match_unresolved|volume_discount_uncertain,H5
INV-H5-000099,99,review,False,contractual_dual_unit_unresolved|expected_total_unknown|service_match_unresolved,H5
INV-H5-000100,100,review,False,delivered_quantity_or_duplicate_identity_uncertain|expected_total_unknown|retention_or_payable_quantity_requires_review|service_match_unresolved|volume_discount_uncertain,H5
INV-H5-000101,101,review,False,expected_total_unknown|service_match_unresolved|volume_discount_uncertain,H5
INV-H5-000102,102,erroneous,True,contract_quantity_unknown_due_to_unit_mismatch|delivered_quantity_or_duplicate_identity_uncertain|expected_total_unknown|retention_or_payable_quantity_requires_review|volume_discount_uncertain,H5
INV-H5-000105,105,review,False,delivered_quantity_or_duplicate_identity_uncertain|expected_total_unknown|retention_or_payable_quantity_requires_review|volume_discount_uncertain,H5
INV-H5-000106,106,review,False,contractual_dual_unit_unresolved|expected_total_unknown|service_match_unresolved|volume_discount_uncertain,H5
INV-H5-000107,107,review,False,expected_total_unknown|volume_discount_uncertain,H5
INV-H5-000108,108,review,False,expected_total_unknown|service_match_unresolved|volume_discount_uncertain,H5
INV-H5-000109,109,erroneous,True,expected_total_unknown|volume_discount_uncertain,H5
INV-H5-000110,110,review,False,expected_total_unknown|volume_discount_uncertain,H5
INV-H5-000111,111,review,False,expected_total_unknown|volume_discount_uncertain,H5
INV-H5-000112,112,review,False,expected_total_unknown|volume_discount_uncertain,H5
INV-H5-000113,113,review,False,contractual_dual_unit_unresolved|expected_total_unknown|service_match_unresolved|volume_discount_uncertain,H5
INV-H5-000114,114,review,False,expected_total_unknown|volume_discount_uncertain,H5
INV-H5-000115,115,review,False,expected_total_unknown|volume_discount_uncertain,H5
INV-H5-000116,116,review,False,expected_total_unknown|volume_discount_uncertain,H5
INV-H5-000117,117,erroneous,True,bundle_eligibility_uncertain|delivered_quantity_or_duplicate_identity_uncertain|exclusion_presence_uncertain|expected_total_unknown|invalid_date_payability_requires_review|premium_eligibility_uncertain|retention_or_payable_quantity_requires_review|service_match_unresolved|volume_discount_uncertain,H5
INV-H5-000118,118,review,False,expected_total_unknown|volume_discount_uncertain,H5
INV-H5-000119,119,review,False,expected_total_unknown|volume_discount_uncertain,H5
INV-H5-000120,120,review,False,expected_total_unknown|volume_discount_uncertain,H5
INV-H5-000122,122,review,False,expected_total_unknown|service_match_unresolved,H5
INV-H5-000123,123,review,False,expected_total_unknown|service_match_unresolved|volume_discount_uncertain,H5
INV-H5-000124,124,review,False,expected_total_unknown|volume_discount_uncertain,H5
INV-H5-000125,125,review,False,expected_total_unknown|volume_discount_uncertain,H5
INV-H5-000126,126,review,False,expected_total_unknown|volume_discount_uncertain,H5
INV-H5-000127,127,review,False,expected_total_unknown|volume_discount_uncertain,H5
INV-H5-000128,128,review,False,expected_total_unknown|service_match_unresolved,H5
INV-H5-000129,129,review,False,expected_total_unknown|service_match_unresolved|volume_discount_uncertain,H5
INV-H5-000130,130,review,False,expected_total_unknown|service_match_unresolved|volume_discount_uncertain,H5
INV-H5-000131,131,review,False,expected_total_unknown|service_match_unresolved|volume_discount_uncertain,H5
INV-H5-000133,133,review,False,contractual_dual_unit_unresolved|expected_total_unknown|service_match_unresolved|volume_discount_uncertain,H5
INV-H5-000136,136,review,False,expected_total_unknown|volume_discount_uncertain,H5
INV-H5-000137,137,review,False,delivered_quantity_or_duplicate_identity_uncertain|expected_total_unknown|retention_or_payable_quantity_requires_review|service_match_unresolved|volume_discount_uncertain,H5
INV-H5-000138,138,review,False,expected_total_unknown|service_match_unresolved,H5
INV-H5-000139,139,review,False,delivered_quantity_or_duplicate_identity_uncertain|expected_total_unknown|retention_or_payable_quantity_requires_review|service_match_unresolved|volume_discount_uncertain,H5
INV-H5-000140,140,review,False,contractual_dual_unit_unresolved|expected_total_unknown|service_match_unresolved|volume_discount_uncertain,H5
INV-H5-000141,141,review,False,bundle_eligibility_uncertain|expected_total_unknown|service_match_unresolved,H5
INV-H5-000143,143,review,False,expected_total_unknown|volume_discount_uncertain,H5
INV-H5-000144,144,review,False,expected_total_unknown|volume_discount_uncertain,H5
INV-H5-000145,145,review,False,expected_total_unknown|volume_discount_uncertain,H5
INV-H5-000146,146,review,False,expected_total_unknown|volume_discount_uncertain,H5
INV-H5-000149,149,review,False,expected_total_unknown|volume_discount_uncertain,H5
INV-H5-000150,150,review,False,contractual_dual_unit_unresolved|expected_total_unknown|service_match_unresolved|volume_discount_uncertain,H5
INV-H5-000151,151,review,False,expected_total_unknown|volume_discount_uncertain,H5
INV-H5-000152,152,review,False,expected_total_unknown|volume_discount_uncertain,H5
INV-H5-000156,156,review,False,contractual_dual_unit_unresolved|delivered_quantity_or_duplicate_identity_uncertain|exclusion_presence_uncertain|expected_total_unknown|retention_or_payable_quantity_requires_review|service_match_unresolved|volume_discount_uncertain,H5
INV-H5-000157,157,review,False,expected_total_unknown|service_match_unresolved,H5
INV-H5-000158,158,review,False,expected_total_unknown|volume_discount_uncertain,H5
INV-H5-000159,159,review,False,contractual_dual_unit_unresolved|expected_total_unknown|service_match_unresolved|volume_discount_uncertain,H5
INV-H5-000160,160,erroneous,True,expected_total_unknown|volume_discount_uncertain,H5
INV-H5-000161,161,review,False,expected_total_unknown|volume_discount_uncertain,H5
INV-H5-000162,162,review,False,expected_total_unknown|volume_discount_uncertain,H5
INV-H5-000163,163,erroneous,True,expected_total_unknown|service_match_unresolved|volume_discount_uncertain,H5
INV-H5-000164,164,erroneous,True,cap_actual_quantity_unknown|expected_total_unknown|volume_discount_uncertain,H5
INV-H5-000165,165,review,False,exclusion_presence_uncertain|expected_total_unknown|retention_or_payable_quantity_requires_review|service_match_unresolved|volume_discount_uncertain,H5
INV-H5-000166,166,review,False,delivered_quantity_or_duplicate_identity_uncertain|expected_total_unknown|retention_or_payable_quantity_requires_review,H5
INV-H5-000167,167,review,False,delivered_quantity_or_duplicate_identity_uncertain|expected_total_unknown|retention_or_payable_quantity_requires_review|service_match_unresolved|volume_discount_uncertain,H5
INV-H5-000168,168,review,False,expected_total_unknown|service_match_unresolved,H5
INV-H5-000169,169,review,False,expected_total_unknown|volume_discount_uncertain,H5
INV-H5-000170,170,erroneous,True,bundle_eligibility_uncertain|delivered_quantity_or_duplicate_identity_uncertain|exclusion_presence_uncertain|expected_total_unknown|facility_code_multiplier_unknown|invalid_date_payability_requires_review|invoice_identifier_join_ambiguous|missing_or_ambiguous_invoice_join|missing_patient_context|nonunique_invoice_id|plan_tier_multiplier_unknown|premium_eligibility_uncertain|retention_or_payable_quantity_requires_review,H5
INV-H5-000170,263,erroneous,True,bundle_eligibility_uncertain|delivered_quantity_or_duplicate_identity_uncertain|exclusion_presence_uncertain|expected_total_unknown|facility_code_multiplier_unknown|invalid_date_payability_requires_review|invoice_identifier_join_ambiguous|missing_or_ambiguous_invoice_join|missing_patient_context|nonunique_invoice_id|plan_tier_multiplier_unknown|premium_eligibility_uncertain|retention_or_payable_quantity_requires_review,H5
INV-H5-000171,171,erroneous,True,delivered_quantity_or_duplicate_identity_uncertain|expected_total_unknown|retention_or_payable_quantity_requires_review|service_match_unresolved|volume_discount_uncertain,H5
INV-H5-000172,172,review,False,expected_total_unknown|service_match_unresolved|volume_discount_uncertain,H5
INV-H5-000173,173,review,False,delivered_quantity_or_duplicate_identity_uncertain|expected_total_unknown|premium_eligibility_uncertain|retention_or_payable_quantity_requires_review|volume_discount_uncertain,H5
INV-H5-000174,174,review,False,contractual_dual_unit_unresolved|expected_total_unknown|service_match_unresolved|volume_discount_uncertain,H5
INV-H5-000175,175,review,False,exclusion_presence_uncertain|expected_total_unknown|retention_or_payable_quantity_requires_review|service_match_unresolved|volume_discount_uncertain,H5
INV-H5-000177,177,review,False,delivered_quantity_or_duplicate_identity_uncertain|expected_total_unknown|premium_eligibility_uncertain|retention_or_payable_quantity_requires_review|service_match_unresolved,H5
INV-H5-000178,178,review,False,expected_total_unknown|volume_discount_uncertain,H5
INV-H5-000180,180,review,False,contractual_dual_unit_unresolved|expected_total_unknown|service_match_unresolved,H5
INV-H5-000181,181,review,False,contractual_dual_unit_unresolved|expected_total_unknown|service_match_unresolved,H5
INV-H5-000182,182,review,False,expected_total_unknown|volume_discount_uncertain,H5
INV-H5-000184,184,review,False,contractual_dual_unit_unresolved|expected_total_unknown|service_match_unresolved|volume_discount_uncertain,H5
INV-H5-000185,185,review,False,expected_total_unknown|volume_discount_uncertain,H5
INV-H5-000186,186,review,False,bundle_eligibility_uncertain|expected_total_unknown|service_match_unresolved|volume_discount_uncertain,H5
INV-H5-000188,188,review,False,contractual_dual_unit_unresolved|expected_total_unknown|service_match_unresolved,H5
INV-H5-000189,189,review,False,expected_total_unknown|volume_discount_uncertain,H5
INV-H5-000190,190,erroneous,True,cap_actual_quantity_unknown|delivered_quantity_or_duplicate_identity_uncertain|expected_total_unknown|invalid_date_payability_requires_review|retention_or_payable_quantity_requires_review,H5
INV-H5-000191,191,review,False,expected_total_unknown|volume_discount_uncertain,H5
INV-H5-000192,192,review,False,expected_total_unknown|service_match_unresolved|volume_discount_uncertain,H5
INV-H5-000193,193,review,False,expected_total_unknown|volume_discount_uncertain,H5
INV-H5-000195,195,review,False,expected_total_unknown|volume_discount_uncertain,H5
INV-H5-000196,196,review,False,expected_total_unknown|service_match_unresolved,H5
INV-H5-000197,197,review,False,expected_total_unknown|volume_discount_uncertain,H5
INV-H5-000198,198,review,False,expected_total_unknown|service_match_unresolved|volume_discount_uncertain,H5
INV-H5-000199,199,review,False,contractual_dual_unit_unresolved|expected_total_unknown|service_match_unresolved|volume_discount_uncertain,H5
INV-H5-000201,201,review,False,expected_total_unknown|service_match_unresolved|volume_discount_uncertain,H5
INV-H5-000202,202,review,False,expected_total_unknown|volume_discount_uncertain,H5
INV-H5-000203,203,review,False,contractual_dual_unit_unresolved|expected_total_unknown|service_match_unresolved|volume_discount_uncertain,H5
INV-H5-000205,205,review,False,expected_total_unknown|volume_discount_uncertain,H5
INV-H5-000209,209,erroneous,True,delivered_quantity_or_duplicate_identity_uncertain|expected_total_unknown|retention_or_payable_quantity_requires_review|service_match_unresolved,H5
INV-H5-000210,210,review,False,bundle_eligibility_uncertain|expected_total_unknown|service_match_unresolved,H5
INV-H5-000212,212,review,False,expected_total_unknown|volume_discount_uncertain,H5
INV-H5-000213,213,review,False,expected_total_unknown|volume_discount_uncertain,H5
INV-H5-000214,214,review,False,expected_total_unknown|volume_discount_uncertain,H5
INV-H5-000215,215,erroneous,True,bundle_eligibility_uncertain|contract_quantity_unknown_due_to_unit_mismatch|delivered_quantity_or_duplicate_identity_uncertain|expected_total_unknown|retention_or_payable_quantity_requires_review|service_match_unresolved|volume_discount_uncertain,H5
INV-H5-000216,216,review,False,contractual_dual_unit_unresolved|expected_total_unknown|service_match_unresolved|volume_discount_uncertain,H5
INV-H5-000217,217,review,False,expected_total_unknown|volume_discount_uncertain,H5
INV-H5-000218,218,review,False,expected_total_unknown|volume_discount_uncertain,H5
INV-H5-000219,219,review,False,expected_total_unknown|volume_discount_uncertain,H5
INV-H5-000220,220,erroneous,True,delivered_quantity_or_duplicate_identity_uncertain|exclusion_presence_uncertain|expected_total_unknown|retention_or_payable_quantity_requires_review|volume_discount_uncertain,H5
INV-H5-000223,223,review,False,expected_total_unknown|volume_discount_uncertain,H5
INV-H5-000224,224,erroneous,True,delivered_quantity_or_duplicate_identity_uncertain|expected_total_unknown|invalid_date_payability_requires_review|retention_or_payable_quantity_requires_review|volume_discount_uncertain,H5
INV-H5-000225,225,review,False,expected_total_unknown|service_match_unresolved|volume_discount_uncertain,H5
INV-H5-000226,226,review,False,expected_total_unknown|volume_discount_uncertain,H5
INV-H5-000229,229,review,False,contractual_dual_unit_unresolved|expected_total_unknown|service_match_unresolved,H5
INV-H5-000230,230,review,False,expected_total_unknown|service_match_unresolved,H5
INV-H5-000231,231,review,False,expected_total_unknown|service_match_unresolved,H5
INV-H5-000233,233,review,False,expected_total_unknown|volume_discount_uncertain,H5
INV-H5-000234,234,review,False,expected_total_unknown|volume_discount_uncertain,H5
INV-H5-000235,235,review,False,contractual_dual_unit_unresolved|expected_total_unknown|service_match_unresolved|volume_discount_uncertain,H5
INV-H5-000237,237,review,False,contractual_dual_unit_unresolved|expected_total_unknown|service_match_unresolved|volume_discount_uncertain,H5
INV-H5-000238,238,review,False,contractual_dual_unit_unresolved|expected_total_unknown|service_match_unresolved,H5
INV-H5-000239,239,review,False,expected_total_unknown|volume_discount_uncertain,H5
INV-H5-000240,240,review,False,contractual_dual_unit_unresolved|delivered_quantity_or_duplicate_identity_uncertain|expected_total_unknown|retention_or_payable_quantity_requires_review|service_match_unresolved,H5
INV-H5-000242,242,review,False,contractual_dual_unit_unresolved|exclusion_presence_uncertain|expected_total_unknown|retention_or_payable_quantity_requires_review|service_match_unresolved,H5
INV-H5-000243,243,review,False,expected_total_unknown|volume_discount_uncertain,H5
INV-H5-000244,244,review,False,expected_total_unknown|service_match_unresolved|volume_discount_uncertain,H5
INV-H5-000246,246,review,False,expected_total_unknown|volume_discount_uncertain,H5
INV-H5-000247,247,review,False,exclusion_presence_uncertain|expected_total_unknown|retention_or_payable_quantity_requires_review|service_match_unresolved,H5
INV-H5-000248,248,review,False,expected_total_unknown|service_match_unresolved|volume_discount_uncertain,H5
INV-H5-000249,249,review,False,expected_total_unknown|volume_discount_uncertain,H5
INV-H5-000251,251,review,False,expected_total_unknown|volume_discount_uncertain,H5
INV-H5-000252,252,review,False,contractual_dual_unit_unresolved|expected_total_unknown|service_match_unresolved,H5
INV-H5-000253,253,review,False,contractual_dual_unit_unresolved|expected_total_unknown|service_match_unresolved,H5
INV-H5-000254,254,review,False,bundle_eligibility_uncertain|contractual_dual_unit_unresolved|expected_total_unknown|service_match_unresolved|volume_discount_uncertain,H5
INV-H5-000255,255,review,False,expected_total_unknown|service_match_unresolved|volume_discount_uncertain,H5
INV-H5-000256,256,review,False,delivered_quantity_or_duplicate_identity_uncertain|expected_total_unknown|retention_or_payable_quantity_requires_review,H5
INV-H5-000257,257,review,False,expected_total_unknown|volume_discount_uncertain,H5
INV-H5-000258,258,review,False,expected_total_unknown|service_match_unresolved,H5
INV-H5-000260,260,erroneous,True,bundle_eligibility_uncertain|delivered_quantity_or_duplicate_identity_uncertain|exclusion_presence_uncertain|expected_total_unknown|facility_code_multiplier_unknown|invalid_date_payability_requires_review|invoice_identifier_join_ambiguous|missing_or_ambiguous_invoice_join|missing_patient_context|nonunique_invoice_id|plan_tier_multiplier_unknown|premium_eligibility_uncertain|retention_or_payable_quantity_requires_review|service_match_unresolved,H5
INV-H5-000260,908,erroneous,True,bundle_eligibility_uncertain|delivered_quantity_or_duplicate_identity_uncertain|exclusion_presence_uncertain|expected_total_unknown|facility_code_multiplier_unknown|invalid_date_payability_requires_review|invoice_identifier_join_ambiguous|missing_or_ambiguous_invoice_join|missing_patient_context|nonunique_invoice_id|plan_tier_multiplier_unknown|premium_eligibility_uncertain|retention_or_payable_quantity_requires_review|service_match_unresolved,H5
INV-H5-000261,261,review,False,contractual_dual_unit_unresolved|expected_total_unknown|service_match_unresolved|volume_discount_uncertain,H5
INV-H5-000264,264,review,False,expected_total_unknown|volume_discount_uncertain,H5
INV-H5-000265,265,review,False,bundle_eligibility_uncertain|delivered_quantity_or_duplicate_identity_uncertain|expected_total_unknown|retention_or_payable_quantity_requires_review,H5
INV-H5-000266,266,review,False,expected_total_unknown|service_match_unresolved|volume_discount_uncertain,H5
INV-H5-000268,268,review,False,expected_total_unknown|service_match_unresolved,H5
INV-H5-000269,269,review,False,exclusion_presence_uncertain|expected_total_unknown|retention_or_payable_quantity_requires_review|volume_discount_uncertain,H5
INV-H5-000270,270,review,False,expected_total_unknown|service_match_unresolved|volume_discount_uncertain,H5
INV-H5-000271,271,review,False,expected_total_unknown|service_match_unresolved,H5
INV-H5-000272,272,review,False,expected_total_unknown|volume_discount_uncertain,H5
INV-H5-000273,273,review,False,contractual_dual_unit_unresolved|expected_total_unknown|service_match_unresolved,H5
INV-H5-000275,275,review,False,expected_total_unknown|volume_discount_uncertain,H5
INV-H5-000276,276,review,False,expected_total_unknown|service_match_unresolved,H5
INV-H5-000277,277,review,False,expected_total_unknown|service_match_unresolved,H5
INV-H5-000280,280,review,False,expected_total_unknown|volume_discount_uncertain,H5
INV-H5-000283,283,review,False,contractual_dual_unit_unresolved|expected_total_unknown|service_match_unresolved,H5
INV-H5-000286,286,review,False,expected_total_unknown|volume_discount_uncertain,H5
INV-H5-000287,287,review,False,expected_total_unknown|service_match_unresolved,H5
INV-H5-000288,288,review,False,expected_total_unknown|volume_discount_uncertain,H5
INV-H5-000289,289,erroneous,True,expected_total_unknown|volume_discount_uncertain,H5
INV-H5-000294,294,erroneous,True,contract_quantity_unknown_due_to_unit_mismatch|delivered_quantity_or_duplicate_identity_uncertain|expected_total_unknown|retention_or_payable_quantity_requires_review|service_match_unresolved,H5
INV-H5-000295,295,review,False,expected_total_unknown|service_match_unresolved,H5
INV-H5-000296,296,review,False,expected_total_unknown|service_match_unresolved|volume_discount_uncertain,H5
INV-H5-000297,297,review,False,exclusion_presence_uncertain|expected_total_unknown|retention_or_payable_quantity_requires_review|volume_discount_uncertain,H5
INV-H5-000300,300,review,False,expected_total_unknown|volume_discount_uncertain,H5
INV-H5-000301,301,review,False,contractual_dual_unit_unresolved|expected_total_unknown|service_match_unresolved|volume_discount_uncertain,H5
INV-H5-000307,307,review,False,bundle_eligibility_uncertain|expected_total_unknown|service_match_unresolved,H5
INV-H5-000308,308,review,False,expected_total_unknown|volume_discount_uncertain,H5
INV-H5-000309,309,review,False,expected_total_unknown|volume_discount_uncertain,H5
INV-H5-000311,311,erroneous,True,bundle_eligibility_uncertain|delivered_quantity_or_duplicate_identity_uncertain|exclusion_presence_uncertain|expected_total_unknown|facility_code_multiplier_unknown|invalid_date_payability_requires_review|invoice_identifier_join_ambiguous|missing_or_ambiguous_invoice_join|missing_patient_context|nonunique_invoice_id|plan_tier_multiplier_unknown|premium_eligibility_uncertain|retention_or_payable_quantity_requires_review|service_match_unresolved|volume_discount_uncertain,H5
INV-H5-000311,363,erroneous,True,bundle_eligibility_uncertain|delivered_quantity_or_duplicate_identity_uncertain|exclusion_presence_uncertain|expected_total_unknown|facility_code_multiplier_unknown|invalid_date_payability_requires_review|invoice_identifier_join_ambiguous|missing_or_ambiguous_invoice_join|missing_patient_context|nonunique_invoice_id|plan_tier_multiplier_unknown|premium_eligibility_uncertain|retention_or_payable_quantity_requires_review|service_match_unresolved|volume_discount_uncertain,H5
INV-H5-000312,312,erroneous,True,delivered_quantity_or_duplicate_identity_uncertain|exclusion_presence_uncertain|expected_total_unknown|retention_or_payable_quantity_requires_review|service_match_unresolved,H5
INV-H5-000313,313,review,False,delivered_quantity_or_duplicate_identity_uncertain|expected_total_unknown|retention_or_payable_quantity_requires_review|volume_discount_uncertain,H5
INV-H5-000314,314,review,False,exclusion_presence_uncertain|expected_total_unknown|retention_or_payable_quantity_requires_review,H5
INV-H5-000317,317,review,False,contractual_dual_unit_unresolved|expected_total_unknown|service_match_unresolved,H5
INV-H5-000319,319,review,False,expected_total_unknown|service_match_unresolved,H5
INV-H5-000320,320,review,False,expected_total_unknown|volume_discount_uncertain,H5
INV-H5-000321,321,review,False,expected_total_unknown|volume_discount_uncertain,H5
INV-H5-000322,322,review,False,expected_total_unknown|service_match_unresolved,H5
INV-H5-000323,323,review,False,expected_total_unknown|volume_discount_uncertain,H5
INV-H5-000324,324,review,False,bundle_eligibility_uncertain|expected_total_unknown|service_match_unresolved,H5
INV-H5-000326,326,review,False,expected_total_unknown|volume_discount_uncertain,H5
INV-H5-000327,327,review,False,contractual_dual_unit_unresolved|expected_total_unknown|service_match_unresolved,H5
INV-H5-000328,328,review,False,expected_total_unknown|service_match_unresolved,H5
INV-H5-000329,329,review,False,expected_total_unknown|volume_discount_uncertain,H5
INV-H5-000330,330,review,False,exclusion_presence_uncertain|expected_total_unknown|retention_or_payable_quantity_requires_review|volume_discount_uncertain,H5
INV-H5-000331,331,review,False,expected_total_unknown|volume_discount_uncertain,H5
INV-H5-000334,334,review,False,expected_total_unknown|volume_discount_uncertain,H5
INV-H5-000335,335,review,False,expected_total_unknown|volume_discount_uncertain,H5
INV-H5-000336,336,review,False,contractual_dual_unit_unresolved|delivered_quantity_or_duplicate_identity_uncertain|expected_total_unknown|retention_or_payable_quantity_requires_review|service_match_unresolved|volume_discount_uncertain,H5
INV-H5-000337,337,review,False,expected_total_unknown|service_match_unresolved,H5
INV-H5-000338,338,review,False,expected_total_unknown|service_match_unresolved,H5
INV-H5-000339,339,review,False,expected_total_unknown|volume_discount_uncertain,H5
INV-H5-000340,340,review,False,expected_total_unknown|service_match_unresolved,H5
INV-H5-000341,341,review,False,contractual_dual_unit_unresolved|expected_total_unknown|service_match_unresolved|volume_discount_uncertain,H5
INV-H5-000342,342,review,False,expected_total_unknown|volume_discount_uncertain,H5
INV-H5-000343,343,erroneous,True,contractual_dual_unit_unresolved|exclusion_presence_uncertain|expected_total_unknown|invalid_date_payability_requires_review|retention_or_payable_quantity_requires_review|service_match_unresolved|volume_discount_uncertain,H5
INV-H5-000345,345,review,False,exclusion_presence_uncertain|expected_total_unknown|retention_or_payable_quantity_requires_review|volume_discount_uncertain,H5
INV-H5-000348,348,review,False,expected_total_unknown|service_match_unresolved|volume_discount_uncertain,H5
INV-H5-000349,349,review,False,delivered_quantity_or_duplicate_identity_uncertain|exclusion_presence_uncertain|expected_total_unknown|retention_or_payable_quantity_requires_review,H5
INV-H5-000352,352,review,False,expected_total_unknown|volume_discount_uncertain,H5
INV-H5-000354,354,review,False,expected_total_unknown|volume_discount_uncertain,H5
INV-H5-000355,355,review,False,exclusion_presence_uncertain|expected_total_unknown|retention_or_payable_quantity_requires_review,H5
INV-H5-000356,356,review,False,expected_total_unknown|service_match_unresolved|volume_discount_uncertain,H5
INV-H5-000358,358,erroneous,True,delivered_quantity_or_duplicate_identity_uncertain|exclusion_presence_uncertain|expected_total_unknown|invalid_date_payability_requires_review|retention_or_payable_quantity_requires_review|service_match_unresolved,H5
INV-H5-000359,359,review,False,delivered_quantity_or_duplicate_identity_uncertain|expected_total_unknown|retention_or_payable_quantity_requires_review|volume_discount_uncertain,H5
INV-H5-000360,360,review,False,exclusion_presence_uncertain|expected_total_unknown|retention_or_payable_quantity_requires_review|volume_discount_uncertain,H5
INV-H5-000361,361,review,False,expected_total_unknown|volume_discount_uncertain,H5
INV-H5-000362,362,review,False,bundle_eligibility_uncertain|contractual_dual_unit_unresolved|delivered_quantity_or_duplicate_identity_uncertain|expected_total_unknown|retention_or_payable_quantity_requires_review|service_match_unresolved|volume_discount_uncertain,H5
INV-H5-000364,364,review,False,expected_total_unknown|volume_discount_uncertain,H5
INV-H5-000365,365,review,False,expected_total_unknown|volume_discount_uncertain,H5
INV-H5-000366,366,review,False,expected_total_unknown|service_match_unresolved|volume_discount_uncertain,H5
INV-H5-000370,370,review,False,exclusion_presence_uncertain|expected_total_unknown|retention_or_payable_quantity_requires_review,H5
INV-H5-000371,371,review,False,expected_total_unknown|service_match_unresolved|volume_discount_uncertain,H5
INV-H5-000373,373,review,False,delivered_quantity_or_duplicate_identity_uncertain|expected_total_unknown|retention_or_payable_quantity_requires_review,H5
INV-H5-000374,374,erroneous,True,exclusion_presence_uncertain|expected_total_unknown|invalid_date_payability_requires_review|retention_or_payable_quantity_requires_review,H5
INV-H5-000375,375,erroneous,True,bundle_eligibility_uncertain|contract_quantity_unknown_due_to_unit_mismatch|delivered_quantity_or_duplicate_identity_uncertain|exclusion_presence_uncertain|expected_total_unknown|facility_code_multiplier_unknown|invalid_date_payability_requires_review|invoice_identifier_join_ambiguous|missing_or_ambiguous_invoice_join|missing_patient_context|nonunique_invoice_id|plan_tier_multiplier_unknown|premium_eligibility_uncertain|retention_or_payable_quantity_requires_review,H5
INV-H5-000375,650,erroneous,True,bundle_eligibility_uncertain|contract_quantity_unknown_due_to_unit_mismatch|delivered_quantity_or_duplicate_identity_uncertain|exclusion_presence_uncertain|expected_total_unknown|facility_code_multiplier_unknown|invalid_date_payability_requires_review|invoice_identifier_join_ambiguous|missing_or_ambiguous_invoice_join|missing_patient_context|nonunique_invoice_id|plan_tier_multiplier_unknown|premium_eligibility_uncertain|retention_or_payable_quantity_requires_review,H5
INV-H5-000376,376,review,False,expected_total_unknown|volume_discount_uncertain,H5
INV-H5-000379,379,review,False,expected_total_unknown|volume_discount_uncertain,H5
INV-H5-000380,380,review,False,expected_total_unknown|volume_discount_uncertain,H5
INV-H5-000381,381,review,False,contractual_dual_unit_unresolved|exclusion_presence_uncertain|expected_total_unknown|retention_or_payable_quantity_requires_review|service_match_unresolved|volume_discount_uncertain,H5
INV-H5-000382,382,review,False,exclusion_presence_uncertain|expected_total_unknown|retention_or_payable_quantity_requires_review,H5
INV-H5-000383,383,review,False,expected_total_unknown|service_match_unresolved,H5
INV-H5-000384,384,review,False,expected_total_unknown|service_match_unresolved,H5
INV-H5-000386,386,review,False,expected_total_unknown|volume_discount_uncertain,H5
INV-H5-000388,388,erroneous,True,contractual_dual_unit_unresolved|delivered_quantity_or_duplicate_identity_uncertain|exclusion_presence_uncertain|expected_total_unknown|invalid_date_payability_requires_review|retention_or_payable_quantity_requires_review|service_match_unresolved|volume_discount_uncertain,H5
INV-H5-000393,393,review,False,exclusion_presence_uncertain|expected_total_unknown|retention_or_payable_quantity_requires_review,H5
INV-H5-000394,394,review,False,expected_total_unknown|volume_discount_uncertain,H5
INV-H5-000395,395,review,False,expected_total_unknown|service_match_unresolved|volume_discount_uncertain,H5
INV-H5-000396,396,review,False,expected_total_unknown|service_match_unresolved,H5
INV-H5-000399,399,review,False,expected_total_unknown|volume_discount_uncertain,H5
INV-H5-000401,401,review,False,contractual_dual_unit_unresolved|expected_total_unknown|service_match_unresolved,H5
INV-H5-000402,402,review,False,expected_total_unknown|volume_discount_uncertain,H5
INV-H5-000404,404,erroneous,True,expected_total_unknown|invalid_date_payability_requires_review|retention_or_payable_quantity_requires_review,H5
INV-H5-000405,405,review,False,expected_total_unknown|volume_discount_uncertain,H5
INV-H5-000406,406,review,False,expected_total_unknown|volume_discount_uncertain,H5
INV-H5-000410,410,review,False,bundle_eligibility_uncertain|expected_total_unknown|service_match_unresolved,H5
INV-H5-000411,411,review,False,expected_total_unknown|volume_discount_uncertain,H5
INV-H5-000414,414,review,False,expected_total_unknown|volume_discount_uncertain,H5
INV-H5-000417,417,review,False,expected_total_unknown|service_match_unresolved|volume_discount_uncertain,H5
INV-H5-000418,418,review,False,expected_total_unknown|volume_discount_uncertain,H5
INV-H5-000419,419,review,False,expected_total_unknown|volume_discount_uncertain,H5
INV-H5-000423,423,review,False,expected_total_unknown|volume_discount_uncertain,H5
INV-H5-000424,424,review,False,contractual_dual_unit_unresolved|expected_total_unknown|service_match_unresolved|volume_discount_uncertain,H5
INV-H5-000426,426,review,False,expected_total_unknown|volume_discount_uncertain,H5
INV-H5-000427,427,review,False,expected_total_unknown|volume_discount_uncertain,H5
INV-H5-000428,428,review,False,contractual_dual_unit_unresolved|expected_total_unknown|service_match_unresolved|volume_discount_uncertain,H5
INV-H5-000429,429,erroneous,True,bundle_eligibility_uncertain|delivered_quantity_or_duplicate_identity_uncertain|expected_total_unknown|invalid_date_payability_requires_review|retention_or_payable_quantity_requires_review|service_match_unresolved,H5
INV-H5-000430,430,review,False,expected_total_unknown|volume_discount_uncertain,H5
INV-H5-000432,432,review,False,expected_total_unknown|volume_discount_uncertain,H5
INV-H5-000433,433,erroneous,True,duplicate_correction_not_approved_for_hospital|expected_total_unknown,H5
INV-H5-000434,434,review,False,expected_total_unknown|volume_discount_uncertain,H5
INV-H5-000437,437,review,False,expected_total_unknown|volume_discount_uncertain,H5
INV-H5-000438,438,review,False,expected_total_unknown|volume_discount_uncertain,H5
INV-H5-000439,439,review,False,expected_total_unknown|volume_discount_uncertain,H5
INV-H5-000442,442,review,False,contractual_dual_unit_unresolved|expected_total_unknown|service_match_unresolved,H5
INV-H5-000446,446,review,False,expected_total_unknown|volume_discount_uncertain,H5
INV-H5-000447,447,review,False,expected_total_unknown|volume_discount_uncertain,H5
INV-H5-000448,448,erroneous,True,contractual_dual_unit_unresolved|expected_total_unknown|service_match_unresolved|volume_discount_uncertain,H5
INV-H5-000450,450,review,False,expected_total_unknown|volume_discount_uncertain,H5
INV-H5-000453,453,review,False,delivered_quantity_or_duplicate_identity_uncertain|expected_total_unknown|premium_eligibility_uncertain|retention_or_payable_quantity_requires_review|service_match_unresolved|volume_discount_uncertain,H5
INV-H5-000454,454,review,False,expected_total_unknown|service_match_unresolved,H5
INV-H5-000457,457,review,False,expected_total_unknown|volume_discount_uncertain,H5
INV-H5-000459,459,review,False,contractual_dual_unit_unresolved|expected_total_unknown|service_match_unresolved,H5
INV-H5-000461,461,review,False,expected_total_unknown|volume_discount_uncertain,H5
INV-H5-000462,462,review,False,delivered_quantity_or_duplicate_identity_uncertain|expected_total_unknown|retention_or_payable_quantity_requires_review|volume_discount_uncertain,H5
INV-H5-000463,463,review,False,expected_total_unknown|service_match_unresolved,H5
INV-H5-000466,466,review,False,expected_total_unknown|service_match_unresolved|volume_discount_uncertain,H5
INV-H5-000468,468,review,False,expected_total_unknown|volume_discount_uncertain,H5
INV-H5-000469,469,review,False,expected_total_unknown|volume_discount_uncertain,H5
INV-H5-000471,471,review,False,expected_total_unknown|volume_discount_uncertain,H5
INV-H5-000472,472,review,False,expected_total_unknown|volume_discount_uncertain,H5
INV-H5-000473,473,review,False,contractual_dual_unit_unresolved|expected_total_unknown|service_match_unresolved,H5
INV-H5-000474,474,review,False,contractual_dual_unit_unresolved|expected_total_unknown|service_match_unresolved|volume_discount_uncertain,H5
INV-H5-000475,475,review,False,expected_total_unknown|volume_discount_uncertain,H5
INV-H5-000478,478,review,False,expected_total_unknown|service_match_unresolved|volume_discount_uncertain,H5
INV-H5-000479,479,review,False,contractual_dual_unit_unresolved|delivered_quantity_or_duplicate_identity_uncertain|expected_total_unknown|retention_or_payable_quantity_requires_review|service_match_unresolved|volume_discount_uncertain,H5
INV-H5-000480,480,review,False,expected_total_unknown|volume_discount_uncertain,H5
INV-H5-000481,481,review,False,expected_total_unknown|volume_discount_uncertain,H5
INV-H5-000482,482,review,False,expected_total_unknown|service_match_unresolved,H5
INV-H5-000483,483,review,False,expected_total_unknown|service_match_unresolved,H5
INV-H5-000484,484,erroneous,True,contractual_dual_unit_unresolved|expected_total_unknown|service_match_unresolved,H5
INV-H5-000485,485,review,False,expected_total_unknown|service_match_unresolved|volume_discount_uncertain,H5
INV-H5-000486,486,review,False,contractual_dual_unit_unresolved|expected_total_unknown|service_match_unresolved|volume_discount_uncertain,H5
INV-H5-000487,487,review,False,expected_total_unknown|volume_discount_uncertain,H5
INV-H5-000488,488,review,False,expected_total_unknown|volume_discount_uncertain,H5
INV-H5-000489,489,erroneous,True,contract_quantity_unknown_due_to_unit_mismatch|delivered_quantity_or_duplicate_identity_uncertain|expected_total_unknown|invalid_date_payability_requires_review|retention_or_payable_quantity_requires_review,H5
INV-H5-000492,492,erroneous,True,contractual_dual_unit_unresolved|delivered_quantity_or_duplicate_identity_uncertain|expected_total_unknown|invalid_date_payability_requires_review|retention_or_payable_quantity_requires_review|service_match_unresolved,H5
INV-H5-000493,493,review,False,expected_total_unknown|service_match_unresolved,H5
INV-H5-000494,494,review,False,contractual_dual_unit_unresolved|expected_total_unknown|service_match_unresolved,H5
INV-H5-000495,495,review,False,expected_total_unknown|service_match_unresolved|volume_discount_uncertain,H5
INV-H5-000496,496,review,False,expected_total_unknown|volume_discount_uncertain,H5
INV-H5-000497,497,review,False,expected_total_unknown|service_match_unresolved,H5
INV-H5-000499,499,review,False,contractual_dual_unit_unresolved|expected_total_unknown|service_match_unresolved,H5
INV-H5-000500,500,review,False,contractual_dual_unit_unresolved|expected_total_unknown|service_match_unresolved,H5
INV-H5-000502,502,review,False,expected_total_unknown|volume_discount_uncertain,H5
INV-H5-000504,504,review,False,expected_total_unknown|volume_discount_uncertain,H5
INV-H5-000505,505,review,False,expected_total_unknown|service_match_unresolved,H5
INV-H5-000506,506,review,False,expected_total_unknown|volume_discount_uncertain,H5
INV-H5-000516,516,review,False,contractual_dual_unit_unresolved|expected_total_unknown|service_match_unresolved,H5
INV-H5-000518,518,review,False,expected_total_unknown|volume_discount_uncertain,H5
INV-H5-000519,519,review,False,expected_total_unknown|service_match_unresolved|volume_discount_uncertain,H5
INV-H5-000520,520,erroneous,True,exclusion_presence_uncertain|expected_total_unknown|retention_or_payable_quantity_requires_review,H5
INV-H5-000521,521,review,False,expected_total_unknown|volume_discount_uncertain,H5
INV-H5-000522,522,review,False,expected_total_unknown|volume_discount_uncertain,H5
INV-H5-000523,523,review,False,expected_total_unknown|volume_discount_uncertain,H5
INV-H5-000525,525,review,False,expected_total_unknown|service_match_unresolved|volume_discount_uncertain,H5
INV-H5-000530,530,review,False,expected_total_unknown|service_match_unresolved,H5
INV-H5-000531,531,review,False,expected_total_unknown|service_match_unresolved|volume_discount_uncertain,H5
INV-H5-000534,534,review,False,contractual_dual_unit_unresolved|expected_total_unknown|service_match_unresolved,H5
INV-H5-000535,535,review,False,expected_total_unknown|volume_discount_uncertain,H5
INV-H5-000538,538,review,False,expected_total_unknown|volume_discount_uncertain,H5
INV-H5-000539,539,erroneous,True,contract_quantity_unknown_due_to_unit_mismatch|contractual_dual_unit_unresolved|delivered_quantity_or_duplicate_identity_uncertain|expected_total_unknown|retention_or_payable_quantity_requires_review|service_match_unresolved,H5
INV-H5-000541,541,review,False,expected_total_unknown|service_match_unresolved,H5
INV-H5-000543,543,erroneous,True,contract_quantity_unknown_due_to_unit_mismatch|delivered_quantity_or_duplicate_identity_uncertain|expected_total_unknown|retention_or_payable_quantity_requires_review|service_match_unresolved,H5
INV-H5-000546,546,review,False,contractual_dual_unit_unresolved|expected_total_unknown|service_match_unresolved,H5
INV-H5-000547,547,review,False,expected_total_unknown|service_match_unresolved|volume_discount_uncertain,H5
INV-H5-000551,551,erroneous,True,expected_total_unknown|service_match_unresolved|volume_discount_uncertain,H5
INV-H5-000559,559,review,False,expected_total_unknown|service_match_unresolved|volume_discount_uncertain,H5
INV-H5-000560,560,review,False,expected_total_unknown|volume_discount_uncertain,H5
INV-H5-000561,561,review,False,expected_total_unknown|service_match_unresolved,H5
INV-H5-000563,563,review,False,expected_total_unknown|volume_discount_uncertain,H5
INV-H5-000565,565,review,False,bundle_eligibility_uncertain|expected_total_unknown|service_match_unresolved,H5
INV-H5-000567,567,review,False,contractual_dual_unit_unresolved|expected_total_unknown|service_match_unresolved,H5
INV-H5-000569,569,review,False,expected_total_unknown|volume_discount_uncertain,H5
INV-H5-000570,570,review,False,expected_total_unknown|volume_discount_uncertain,H5
INV-H5-000574,574,erroneous,True,bundle_eligibility_uncertain|contract_quantity_unknown_due_to_unit_mismatch|delivered_quantity_or_duplicate_identity_uncertain|expected_total_unknown|invalid_date_payability_requires_review|retention_or_payable_quantity_requires_review|service_match_unresolved,H5
INV-H5-000575,575,erroneous,True,expected_total_unknown|volume_discount_uncertain,H5
INV-H5-000576,576,review,False,expected_total_unknown|service_match_unresolved|volume_discount_uncertain,H5
INV-H5-000577,577,review,False,expected_total_unknown|service_match_unresolved,H5
INV-H5-000579,579,review,False,expected_total_unknown|service_match_unresolved,H5
INV-H5-000591,591,review,False,expected_total_unknown|volume_discount_uncertain,H5
INV-H5-000595,595,review,False,expected_total_unknown|service_match_unresolved,H5
INV-H5-000597,597,review,False,expected_total_unknown|service_match_unresolved,H5
INV-H5-000599,599,review,False,expected_total_unknown|service_match_unresolved|volume_discount_uncertain,H5
INV-H5-000601,601,review,False,expected_total_unknown|volume_discount_uncertain,H5
INV-H5-000602,602,review,False,bundle_eligibility_uncertain|expected_total_unknown|service_match_unresolved|volume_discount_uncertain,H5
INV-H5-000603,603,erroneous,True,bundle_eligibility_uncertain|contract_quantity_unknown_due_to_unit_mismatch|delivered_quantity_or_duplicate_identity_uncertain|expected_total_unknown|retention_or_payable_quantity_requires_review,H5
INV-H5-000604,604,review,False,expected_total_unknown|service_match_unresolved,H5
INV-H5-000605,605,review,False,contractual_dual_unit_unresolved|expected_total_unknown|service_match_unresolved,H5
INV-H5-000610,610,review,False,expected_total_unknown|volume_discount_uncertain,H5
INV-H5-000611,611,review,False,expected_total_unknown|service_match_unresolved,H5
INV-H5-000615,615,erroneous,True,expected_total_unknown|volume_discount_uncertain,H5
INV-H5-000620,620,review,False,expected_total_unknown|volume_discount_uncertain,H5
INV-H5-000621,621,review,False,bundle_eligibility_uncertain|expected_total_unknown|service_match_unresolved,H5
INV-H5-000623,623,review,False,bundle_eligibility_uncertain|expected_total_unknown|service_match_unresolved|volume_discount_uncertain,H5
INV-H5-000624,624,review,False,bundle_eligibility_uncertain|contractual_dual_unit_unresolved|expected_total_unknown|service_match_unresolved|volume_discount_uncertain,H5
INV-H5-000627,627,review,False,expected_total_unknown|service_match_unresolved|volume_discount_uncertain,H5
INV-H5-000628,628,review,False,expected_total_unknown|volume_discount_uncertain,H5
INV-H5-000629,629,erroneous,True,expected_total_unknown|invalid_date_payability_requires_review|retention_or_payable_quantity_requires_review|service_match_unresolved|volume_discount_uncertain,H5
INV-H5-000630,630,review,False,expected_total_unknown|service_match_unresolved,H5
INV-H5-000639,639,review,False,expected_total_unknown|service_match_unresolved,H5
INV-H5-000640,640,review,False,expected_total_unknown|service_match_unresolved,H5
INV-H5-000646,646,review,False,expected_total_unknown|service_match_unresolved,H5
INV-H5-000652,652,review,False,contractual_dual_unit_unresolved|expected_total_unknown|service_match_unresolved,H5
INV-H5-000654,654,review,False,delivered_quantity_or_duplicate_identity_uncertain|expected_total_unknown|retention_or_payable_quantity_requires_review|service_match_unresolved,H5
INV-H5-000655,655,review,False,expected_total_unknown|service_match_unresolved,H5
INV-H5-000660,660,review,False,expected_total_unknown|service_match_unresolved,H5
INV-H5-000661,661,review,False,expected_total_unknown|service_match_unresolved,H5
INV-H5-000662,662,review,False,expected_total_unknown|service_match_unresolved,H5
INV-H5-000665,665,review,False,delivered_quantity_or_duplicate_identity_uncertain|expected_total_unknown|retention_or_payable_quantity_requires_review|service_match_unresolved,H5
INV-H5-000669,669,review,False,expected_total_unknown|service_match_unresolved,H5
INV-H5-000671,671,review,False,contractual_dual_unit_unresolved|expected_total_unknown|service_match_unresolved,H5
INV-H5-000677,677,review,False,delivered_quantity_or_duplicate_identity_uncertain|expected_total_unknown|retention_or_payable_quantity_requires_review|service_match_unresolved,H5
INV-H5-000678,678,review,False,contractual_dual_unit_unresolved|expected_total_unknown|service_match_unresolved,H5
INV-H5-000680,680,erroneous,True,expected_total_unknown|invalid_date_payability_requires_review|retention_or_payable_quantity_requires_review,H5
INV-H5-000684,684,review,False,expected_total_unknown|service_match_unresolved,H5
INV-H5-000687,687,review,False,expected_total_unknown|service_match_unresolved,H5
INV-H5-000691,691,review,False,expected_total_unknown|service_match_unresolved,H5
INV-H5-000702,702,review,False,expected_total_unknown|service_match_unresolved,H5
INV-H5-000707,707,review,False,delivered_quantity_or_duplicate_identity_uncertain|expected_total_unknown|retention_or_payable_quantity_requires_review,H5
INV-H5-000711,711,review,False,expected_total_unknown|service_match_unresolved,H5
INV-H5-000712,712,review,False,expected_total_unknown|service_match_unresolved,H5
INV-H5-000719,719,review,False,expected_total_unknown|service_match_unresolved,H5
INV-H5-000720,720,review,False,contractual_dual_unit_unresolved|delivered_quantity_or_duplicate_identity_uncertain|expected_total_unknown|retention_or_payable_quantity_requires_review|service_match_unresolved,H5
INV-H5-000723,723,review,False,expected_total_unknown|service_match_unresolved,H5
INV-H5-000725,725,review,False,expected_total_unknown|service_match_unresolved,H5
INV-H5-000726,726,erroneous,True,cap_actual_quantity_unknown|expected_total_unknown,H5
INV-H5-000729,729,review,False,bundle_eligibility_uncertain|expected_total_unknown|service_match_unresolved,H5
INV-H5-000731,731,review,False,bundle_eligibility_uncertain|contractual_dual_unit_unresolved|expected_total_unknown|service_match_unresolved,H5
INV-H5-000733,733,review,False,expected_total_unknown|service_match_unresolved,H5
INV-H5-000734,734,review,False,expected_total_unknown|service_match_unresolved,H5
INV-H5-000735,735,review,False,expected_total_unknown|service_match_unresolved,H5
INV-H5-000736,736,review,False,contractual_dual_unit_unresolved|expected_total_unknown|service_match_unresolved,H5
INV-H5-000737,737,review,False,contractual_dual_unit_unresolved|expected_total_unknown|service_match_unresolved,H5
INV-H5-000738,738,review,False,contractual_dual_unit_unresolved|expected_total_unknown|service_match_unresolved,H5
INV-H5-000739,739,review,False,contractual_dual_unit_unresolved|expected_total_unknown|service_match_unresolved,H5
INV-H5-000740,740,review,False,expected_total_unknown|service_match_unresolved,H5
INV-H5-000741,741,review,False,expected_total_unknown|service_match_unresolved,H5
INV-H5-000742,742,review,False,contractual_dual_unit_unresolved|expected_total_unknown|service_match_unresolved,H5
INV-H5-000743,743,review,False,bundle_eligibility_uncertain|expected_total_unknown|service_match_unresolved,H5
INV-H5-000744,744,review,False,expected_total_unknown|service_match_unresolved,H5
INV-H5-000746,746,erroneous,True,delivered_quantity_or_duplicate_identity_uncertain|expected_total_unknown|retention_or_payable_quantity_requires_review|service_match_unresolved,H5
INV-H5-000749,749,review,False,delivered_quantity_or_duplicate_identity_uncertain|expected_total_unknown|premium_eligibility_uncertain|retention_or_payable_quantity_requires_review|service_match_unresolved,H5
INV-H5-000750,750,review,False,expected_total_unknown|service_match_unresolved,H5
INV-H5-000751,751,erroneous,True,cap_actual_quantity_unknown|delivered_quantity_or_duplicate_identity_uncertain|expected_total_unknown|invalid_date_payability_requires_review|retention_or_payable_quantity_requires_review,H5
INV-H5-000752,752,erroneous,True,exclusion_presence_uncertain|expected_total_unknown|retention_or_payable_quantity_requires_review,H5
INV-H5-000753,753,review,False,contractual_dual_unit_unresolved|expected_total_unknown|service_match_unresolved,H5
INV-H5-000756,756,review,False,expected_total_unknown|service_match_unresolved,H5
INV-H5-000757,757,review,False,contractual_dual_unit_unresolved|expected_total_unknown|service_match_unresolved,H5
INV-H5-000759,759,erroneous,True,delivered_quantity_or_duplicate_identity_uncertain|duplicate_correction_not_approved_for_hospital|expected_total_unknown|retention_or_payable_quantity_requires_review,H5
INV-H5-000760,760,review,False,contractual_dual_unit_unresolved|expected_total_unknown|service_match_unresolved,H5
INV-H5-000763,763,review,False,expected_total_unknown|service_match_unresolved,H5
INV-H5-000766,766,review,False,expected_total_unknown|service_match_unresolved,H5
INV-H5-000768,768,review,False,bundle_eligibility_uncertain|expected_total_unknown|service_match_unresolved,H5
INV-H5-000771,771,review,False,expected_total_unknown|service_match_unresolved,H5
INV-H5-000777,777,review,False,bundle_eligibility_uncertain|delivered_quantity_or_duplicate_identity_uncertain|expected_total_unknown|retention_or_payable_quantity_requires_review|service_match_unresolved,H5
INV-H5-000779,779,review,False,contractual_dual_unit_unresolved|expected_total_unknown|service_match_unresolved,H5
INV-H5-000781,781,review,False,expected_total_unknown|service_match_unresolved,H5
INV-H5-000782,782,review,False,expected_total_unknown|service_match_unresolved,H5
INV-H5-000784,784,review,False,expected_total_unknown|service_match_unresolved,H5
INV-H5-000786,786,review,False,contractual_dual_unit_unresolved|expected_total_unknown|service_match_unresolved,H5
INV-H5-000787,787,review,False,delivered_quantity_or_duplicate_identity_uncertain|expected_total_unknown|premium_eligibility_uncertain|retention_or_payable_quantity_requires_review|service_match_unresolved,H5
INV-H5-000788,788,review,False,expected_total_unknown|service_match_unresolved,H5
INV-H5-000790,790,review,False,contractual_dual_unit_unresolved|expected_total_unknown|service_match_unresolved,H5
INV-H5-000792,792,review,False,expected_total_unknown|service_match_unresolved,H5
INV-H5-000793,793,review,False,expected_total_unknown|service_match_unresolved,H5
INV-H5-000795,795,review,False,delivered_quantity_or_duplicate_identity_uncertain|expected_total_unknown|retention_or_payable_quantity_requires_review|service_match_unresolved,H5
INV-H5-000798,798,review,False,contractual_dual_unit_unresolved|expected_total_unknown|service_match_unresolved,H5
INV-H5-000799,799,erroneous,True,contract_quantity_unknown_due_to_unit_mismatch|delivered_quantity_or_duplicate_identity_uncertain|expected_total_unknown|invalid_date_payability_requires_review|retention_or_payable_quantity_requires_review,H5
INV-H5-000802,802,review,False,expected_total_unknown|service_match_unresolved,H5
INV-H5-000804,804,review,False,contractual_dual_unit_unresolved|expected_total_unknown|service_match_unresolved,H5
INV-H5-000808,808,review,False,expected_total_unknown|service_match_unresolved,H5
INV-H5-000809,809,review,False,contractual_dual_unit_unresolved|expected_total_unknown|service_match_unresolved,H5
INV-H5-000818,818,review,False,expected_total_unknown|service_match_unresolved,H5
INV-H5-000819,819,review,False,expected_total_unknown|service_match_unresolved,H5
INV-H5-000820,820,review,False,expected_total_unknown|service_match_unresolved,H5
INV-H5-000821,821,review,False,contractual_dual_unit_unresolved|expected_total_unknown|service_match_unresolved,H5
INV-H5-000823,823,review,False,expected_total_unknown|service_match_unresolved,H5
INV-H5-000824,824,review,False,delivered_quantity_or_duplicate_identity_uncertain|expected_total_unknown|retention_or_payable_quantity_requires_review,H5
INV-H5-000825,825,review,False,delivered_quantity_or_duplicate_identity_uncertain|expected_total_unknown|retention_or_payable_quantity_requires_review,H5
INV-H5-000827,827,review,False,delivered_quantity_or_duplicate_identity_uncertain|expected_total_unknown|retention_or_payable_quantity_requires_review,H5
INV-H5-000828,828,review,False,delivered_quantity_or_duplicate_identity_uncertain|expected_total_unknown|retention_or_payable_quantity_requires_review,H5
INV-H5-000831,831,review,False,delivered_quantity_or_duplicate_identity_uncertain|expected_total_unknown|retention_or_payable_quantity_requires_review|service_match_unresolved,H5
INV-H5-000832,832,review,False,expected_total_unknown|service_match_unresolved,H5
INV-H5-000833,833,review,False,contractual_dual_unit_unresolved|expected_total_unknown|service_match_unresolved,H5
INV-H5-000834,834,review,False,bundle_eligibility_uncertain|expected_total_unknown|service_match_unresolved,H5
INV-H5-000839,839,review,False,expected_total_unknown|service_match_unresolved,H5
INV-H5-000840,840,review,False,contractual_dual_unit_unresolved|expected_total_unknown|service_match_unresolved,H5
INV-H5-000845,845,review,False,contractual_dual_unit_unresolved|expected_total_unknown|service_match_unresolved,H5
INV-H5-000846,846,review,False,expected_total_unknown|service_match_unresolved,H5
INV-H5-000850,850,erroneous,True,cap_actual_quantity_unknown|expected_total_unknown,H5
INV-H5-000854,854,review,False,expected_total_unknown|service_match_unresolved,H5
INV-H5-000857,857,review,False,bundle_eligibility_uncertain|expected_total_unknown|service_match_unresolved,H5
INV-H5-000859,859,review,False,contractual_dual_unit_unresolved|delivered_quantity_or_duplicate_identity_uncertain|expected_total_unknown|retention_or_payable_quantity_requires_review|service_match_unresolved,H5
INV-H5-000864,864,review,False,contractual_dual_unit_unresolved|expected_total_unknown|service_match_unresolved,H5
INV-H5-000866,866,review,False,expected_total_unknown|service_match_unresolved,H5
INV-H5-000867,867,review,False,expected_total_unknown|service_match_unresolved,H5
INV-H5-000868,868,review,False,expected_total_unknown|service_match_unresolved,H5
INV-H5-000874,874,review,False,contractual_dual_unit_unresolved|expected_total_unknown|service_match_unresolved,H5
INV-H5-000876,876,review,False,expected_total_unknown|service_match_unresolved,H5
INV-H5-000878,878,review,False,expected_total_unknown|service_match_unresolved,H5
INV-H5-000883,883,review,False,expected_total_unknown|service_match_unresolved,H5
INV-H5-000885,885,review,False,contractual_dual_unit_unresolved|expected_total_unknown|service_match_unresolved,H5
INV-H5-000888,888,review,False,delivered_quantity_or_duplicate_identity_uncertain|expected_total_unknown|retention_or_payable_quantity_requires_review|service_match_unresolved,H5
INV-H5-000890,890,review,False,contractual_dual_unit_unresolved|expected_total_unknown|service_match_unresolved,H5
INV-H5-000891,891,review,False,expected_total_unknown|service_match_unresolved,H5
INV-H5-000893,893,review,False,expected_total_unknown|service_match_unresolved,H5
INV-H5-000897,897,erroneous,True,contract_quantity_unknown_due_to_unit_mismatch|contractual_dual_unit_unresolved|delivered_quantity_or_duplicate_identity_uncertain|expected_total_unknown|retention_or_payable_quantity_requires_review|service_match_unresolved,H5
INV-H5-000898,898,review,False,expected_total_unknown|service_match_unresolved,H5
INV-H5-000899,899,review,False,delivered_quantity_or_duplicate_identity_uncertain|expected_total_unknown|retention_or_payable_quantity_requires_review,H5
INV-H5-000900,900,review,False,contractual_dual_unit_unresolved|expected_total_unknown|service_match_unresolved,H5
INV-H5-000903,903,review,False,expected_total_unknown|service_match_unresolved,H5
INV-H5-000907,907,erroneous,True,expected_total_unknown|service_match_unresolved,H5
INV-H5-000909,909,review,False,delivered_quantity_or_duplicate_identity_uncertain|expected_total_unknown|premium_eligibility_uncertain|retention_or_payable_quantity_requires_review|service_match_unresolved,H5
INV-H5-000910,910,review,False,bundle_eligibility_uncertain|delivered_quantity_or_duplicate_identity_uncertain|expected_total_unknown|retention_or_payable_quantity_requires_review,H5
INV-H5-000911,911,review,False,contractual_dual_unit_unresolved|expected_total_unknown|service_match_unresolved,H5
INV-H5-000912,912,review,False,delivered_quantity_or_duplicate_identity_uncertain|expected_total_unknown|retention_or_payable_quantity_requires_review,H5
INV-H5-000913,913,review,False,expected_total_unknown|service_match_unresolved,H5
INV-H5-000917,917,review,False,contractual_dual_unit_unresolved|expected_total_unknown|service_match_unresolved,H5
INV-H5-000923,923,review,False,delivered_quantity_or_duplicate_identity_uncertain|expected_total_unknown|retention_or_payable_quantity_requires_review|service_match_unresolved,H5
INV-H5-000928,928,review,False,expected_total_unknown|service_match_unresolved,H5
INV-H5-000929,929,review,False,contractual_dual_unit_unresolved|expected_total_unknown|service_match_unresolved,H5
INV-H5-000930,930,review,False,contractual_dual_unit_unresolved|expected_total_unknown|service_match_unresolved,H5
INV-H5-000931,931,review,False,expected_total_unknown|service_match_unresolved,H5
INV-H5-000933,933,review,False,expected_total_unknown|service_match_unresolved,H5
INV-H5-000934,934,review,False,expected_total_unknown|service_match_unresolved,H5
INV-H5-000940,940,review,False,contractual_dual_unit_unresolved|delivered_quantity_or_duplicate_identity_uncertain|expected_total_unknown|retention_or_payable_quantity_requires_review|service_match_unresolved,H5
INV-H5-000942,942,review,False,expected_total_unknown|service_match_unresolved,H5
INV-H5-000943,943,review,False,expected_total_unknown|service_match_unresolved,H5
INV-H5-000944,944,review,False,expected_total_unknown|service_match_unresolved,H5
INV-H5-000947,947,review,False,expected_total_unknown|service_match_unresolved,H5
INV-H5-000949,949,review,False,contractual_dual_unit_unresolved|expected_total_unknown|service_match_unresolved,H5
INV-H5-000951,951,review,False,expected_total_unknown|service_match_unresolved,H5
INV-H5-000963,963,review,False,expected_total_unknown|service_match_unresolved,H5
INV-H5-000966,966,review,False,expected_total_unknown|service_match_unresolved,H5
INV-H5-000968,968,review,False,bundle_eligibility_uncertain|expected_total_unknown|service_match_unresolved,H5
INV-H5-000969,969,erroneous,True,expected_total_unknown|service_match_unresolved,H5
INV-H5-000972,972,review,False,expected_total_unknown|service_match_unresolved,H5
INV-H5-000976,976,review,False,expected_total_unknown|service_match_unresolved,H5
INV-H5-000979,979,erroneous,True,expected_total_unknown|invalid_date_payability_requires_review|retention_or_payable_quantity_requires_review,H5
INV-H5-000981,981,review,False,expected_total_unknown|service_match_unresolved,H5
INV-H5-000983,983,review,False,expected_total_unknown|service_match_unresolved,H5
INV-H5-000984,984,review,False,bundle_eligibility_uncertain|expected_total_unknown|service_match_unresolved,H5
INV-H5-000985,985,review,False,delivered_quantity_or_duplicate_identity_uncertain|expected_total_unknown|retention_or_payable_quantity_requires_review|service_match_unresolved,H5
INV-H5-000989,989,review,False,expected_total_unknown|service_match_unresolved,H5
INV-H5-000993,993,review,False,expected_total_unknown|service_match_unresolved,H5
INV-H5-000996,996,review,False,expected_total_unknown|service_match_unresolved,H5
INV-H5-000997,997,erroneous,True,duplicate_correction_not_approved_for_hospital|expected_total_unknown,H5
INV-H5-000998,998,review,False,delivered_quantity_or_duplicate_identity_uncertain|expected_total_unknown|retention_or_payable_quantity_requires_review|service_match_unresolved,H5
INV-H5-001000,1000,review,False,expected_total_unknown|service_match_unresolved,H5
INV-H5-001002,1002,review,False,contractual_dual_unit_unresolved|expected_total_unknown|service_match_unresolved,H5
INV-H5-001007,1007,review,False,expected_total_unknown|service_match_unresolved,H5
INV-H5-001009,1009,review,False,contractual_dual_unit_unresolved|expected_total_unknown|service_match_unresolved,H5
INV-H5-001014,1014,erroneous,True,contractual_dual_unit_unresolved|expected_total_unknown|invalid_date_payability_requires_review|service_match_unresolved,H5
INV-H5-001015,1015,review,False,contractual_dual_unit_unresolved|expected_total_unknown|service_match_unresolved,H5
INV-H5-001016,1016,review,False,expected_total_unknown|service_match_unresolved,H5
INV-H5-001022,1022,review,False,expected_total_unknown|service_match_unresolved,H5
INV-H5-001024,1024,erroneous,True,cap_actual_quantity_unknown|expected_total_unknown,H5
INV-H5-001028,1028,review,False,expected_total_unknown|service_match_unresolved,H5
INV-H5-001032,1032,review,False,contractual_dual_unit_unresolved|expected_total_unknown|service_match_unresolved,H5
INV-H5-001034,1034,review,False,bundle_eligibility_uncertain|expected_total_unknown|service_match_unresolved,H5
INV-H5-001035,1035,review,False,expected_total_unknown|service_match_unresolved,H5
INV-H5-001036,1036,review,False,contractual_dual_unit_unresolved|expected_total_unknown|service_match_unresolved,H5
INV-H5-001037,1037,review,False,contractual_dual_unit_unresolved|expected_total_unknown|service_match_unresolved,H5
INV-H5-001038,1038,review,False,contractual_dual_unit_unresolved|expected_total_unknown|service_match_unresolved,H5
INV-H5-001040,1040,review,False,contractual_dual_unit_unresolved|expected_total_unknown|service_match_unresolved,H5
INV-H5-001042,1042,review,False,expected_total_unknown|service_match_unresolved,H5
INV-H5-001045,1045,erroneous,True,expected_total_unknown|service_match_unresolved,H5
INV-H5-001048,1048,review,False,expected_total_unknown|service_match_unresolved,H5
INV-H5-001049,1049,review,False,expected_total_unknown|service_match_unresolved,H5
INV-H5-001051,1051,review,False,delivered_quantity_or_duplicate_identity_uncertain|expected_total_unknown|retention_or_payable_quantity_requires_review,H5
INV-H5-001052,1052,review,False,contractual_dual_unit_unresolved|expected_total_unknown|service_match_unresolved,H5
INV-H5-001053,1053,review,False,expected_total_unknown|service_match_unresolved,H5
